,cloud_cover,apparent_temperature,temperature,humidity,dew_point,wind_bearing,wind_speed,wind_gust,pressure,uv_index,ozone,precip_intensity,precip_probability,visibility,Clear,Humid and Mostly Cloudy,Mostly Cloudy,Overcast,Partly Cloudy,Breezy and Foggy,Foggy,Humid,Humid and Foggy,Humid and Overcast,Humid and Partly Cloudy,Light Rain,Light Rain and Humid,Possible Drizzle,Possible Drizzle and Humid,Possible Light Rain,Possible Light Rain and Humid,Rain,Rain and Humid,power
0,0.35,26.41,26,1,22.01,101,3.08,6.42,1008.45,0,268.6,0.0,0.0,16.09,0,0,0,0,1,0.0,0.0,0.0,0.0,0.0,0.0,0.0,0.0,0.0,0.0,0.0,0.0,0.0,0.0,0.0714
1,0.43,25.95,25,1,22.06,105,2.94,6.28,1008.24,0,269.1,0.0,0.0,16.09,0,0,0,0,1,0.0,0.0,0.0,0.0,0.0,0.0,0.0,0.0,0.0,0.0,0.0,0.0,0.0,0.0,0.09112500000000001
2,0.48,25.46,25,1,22.06,106,2.82,6.08,1007.9,0,269.7,0.0,0.0,16.09,0,0,0,0,1,0.0,0.0,0.0,0.0,0.0,0.0,0.0,0.0,0.0,0.0,0.0,0.0,0.0,0.0,0.00785
3,0.49,24.8,24,1,21.87,106,2.63,5.74,1007.61,0,270.4,0.0,0.0,16.09,0,0,0,0,1,0.0,0.0,0.0,0.0,0.0,0.0,0.0,0.0,0.0,0.0,0.0,0.0,0.0,0.0,0.059974999999999994
4,0.49,23.99,23,1,21.53,100,2.39,5.3,1007.51,0,271.3,0.0,0.0,16.09,0,0,0,0,1,0.0,0.0,0.0,0.0,0.0,0.0,0.0,0.0,0.0,0.0,0.0,0.0,0.0,0.0,0.055224999999999996
5,0.49,24.0,23,1,21.56,94,2.09,4.47,1008.03,0,271.6,0.0,0.0,16.09,0,0,0,0,1,0.0,0.0,0.0,0.0,0.0,0.0,0.0,0.0,0.0,0.0,0.0,0.0,0.0,0.0,0.11485040000000002
6,0.48,25.08,24,1,21.97,95,2.31,4.07,1008.61,0,271.8,0.0,0.0,16.09,0,0,0,0,1,0.0,0.0,0.0,0.0,0.0,0.0,0.0,0.0,0.0,0.0,0.0,0.0,0.0,0.0,0.0518754
7,0.51,25.69,25,1,22.34,96,2.98,4.65,1008.97,0,272.4,0.0,0.0,16.09,0,1,0,0,0,0.0,0.0,0.0,0.0,0.0,0.0,0.0,0.0,0.0,0.0,0.0,0.0,0.0,0.0,0.123375
8,0.59,26.22,25,1,22.35,99,3.44,5.14,1009.53,1,272.8,0.0,0.0,16.09,0,1,0,0,0,0.0,0.0,0.0,0.0,0.0,0.0,0.0,0.0,0.0,0.0,0.0,0.0,0.0,0.0,3.492900000000002
9,0.66,29.03,27,1,22.21,102,3.49,4.77,1010.0,3,272.6,0.0,0.0,16.09,0,0,1,0,0,0.0,0.0,0.0,0.0,0.0,0.0,0.0,0.0,0.0,0.0,0.0,0.0,0.0,0.0,3.1315500000000007
10,0.69,31.31,28,1,22.12,101,2.92,3.52,1009.99,4,271.6,0.0,0.0,16.09,0,0,1,0,0,0.0,0.0,0.0,0.0,0.0,0.0,0.0,0.0,0.0,0.0,0.0,0.0,0.0,0.0,5.386125000000003
11,0.69,33.07,30,1,21.71,91,2.21,2.32,1009.86,5,271.0,0.03,0.01,16.09,0,0,1,0,0,0.0,0.0,0.0,0.0,0.0,0.0,0.0,0.0,0.0,0.0,0.0,0.0,0.0,0.0,7.796850000000003
12,0.77,34.08,31,1,21.1,77,1.9,1.9,1009.39,6,271.2,0.02,0.01,16.09,0,0,1,0,0,0.0,0.0,0.0,0.0,0.0,0.0,0.0,0.0,0.0,0.0,0.0,0.0,0.0,0.0,7.638374999999999
13,0.83,34.68,32,1,20.52,60,2.03,2.03,1008.35,5,271.6,0.01,0.01,16.09,0,0,1,0,0,0.0,0.0,0.0,0.0,0.0,0.0,0.0,0.0,0.0,0.0,0.0,0.0,0.0,0.0,7.58935
14,0.78,34.97,33,0,19.91,44,2.39,2.4,1007.24,5,272.2,0.01,0.01,16.09,0,0,1,0,0,0.0,0.0,0.0,0.0,0.0,0.0,0.0,0.0,0.0,0.0,0.0,0.0,0.0,0.0,9.48685
15,0.7,34.98,33,0,19.46,36,2.77,2.78,1006.39,4,272.5,0.0,0.0,16.09,0,0,1,0,0,0.0,0.0,0.0,0.0,0.0,0.0,0.0,0.0,0.0,0.0,0.0,0.0,0.0,0.0,6.021875
16,0.61,34.78,33,0,19.04,34,3.01,3.01,1006.08,2,272.5,0.0,0.0,16.09,0,0,1,0,0,0.0,0.0,0.0,0.0,0.0,0.0,0.0,0.0,0.0,0.0,0.0,0.0,0.0,0.0,4.488275000000001
17,0.55,34.1,33,0,18.88,38,3.04,3.04,1005.97,1,272.6,0.0,0.0,16.09,0,0,1,0,0,0.0,0.0,0.0,0.0,0.0,0.0,0.0,0.0,0.0,0.0,0.0,0.0,0.0,0.0,2.3132749999999995
18,0.43,33.58,32,1,19.81,42,2.96,3.1,1006.39,0,273.2,0.0,0.0,16.09,0,0,0,0,1,0.0,0.0,0.0,0.0,0.0,0.0,0.0,0.0,0.0,0.0,0.0,0.0,0.0,0.0,0.046525121359223306
19,0.24,32.47,30,1,20.85,23,2.72,3.73,1007.49,0,274.2,0.06,0.01,16.09,0,0,0,0,1,0.0,0.0,0.0,0.0,0.0,0.0,0.0,0.0,0.0,0.0,0.0,0.0,0.0,0.0,0.0261751213592233
20,0.09,30.73,28,1,21.04,4,2.48,4.66,1008.37,0,275.4,0.15,0.01,16.09,1,0,0,0,0,0.0,0.0,0.0,0.0,0.0,0.0,0.0,0.0,0.0,0.0,0.0,0.0,0.0,0.0,0.017125121359223304
21,0.06,29.58,27,1,21.31,19,2.61,5.54,1008.99,0,276.0,0.15,0.01,16.09,1,0,0,0,0,0.0,0.0,0.0,0.0,0.0,0.0,0.0,0.0,0.0,0.0,0.0,0.0,0.0,0.0,0.15212528161563355
22,0.06,28.76,27,1,21.66,47,3.03,6.48,1009.27,0,276.4,0.06,0.01,16.09,1,0,0,0,0,0.0,0.0,0.0,0.0,0.0,0.0,0.0,0.0,0.0,0.0,0.0,0.0,0.0,0.0,0.014900281615633558
23,0.03,27.97,26,1,21.85,69,3.28,6.7,1009.67,0,276.1,0.0,0.0,16.09,1,0,0,0,0,0.0,0.0,0.0,0.0,0.0,0.0,0.0,0.0,0.0,0.0,0.0,0.0,0.0,0.0,0.030475121359223298
24,0.0,26.35,26,1,20.53,85,3.13,6.29,1010.06,0,275.6,0.0,0.0,16.09,1,0,0,0,0,0.0,0.0,0.0,0.0,0.0,0.0,0.0,0.0,0.0,0.0,0.0,0.0,0.0,0.0,0.001350121359223301
25,0.0,26.11,26,1,20.9,96,2.7,5.81,1009.86,0,275.6,0.0,0.0,16.09,1,0,0,0,0,0.0,0.0,0.0,0.0,0.0,0.0,0.0,0.0,0.0,0.0,0.0,0.0,0.0,0.0,0.03635000000000001
26,0.0,25.82,25,1,20.79,116,2.22,5.19,1009.67,0,275.6,0.0,0.0,16.09,1,0,0,0,0,0.0,0.0,0.0,0.0,0.0,0.0,0.0,0.0,0.0,0.0,0.0,0.0,0.0,0.0,0.052425
27,0.0,25.34,25,1,20.56,122,1.86,4.75,1009.59,0,275.8,0.0,0.0,16.09,1,0,0,0,0,0.0,0.0,0.0,0.0,0.0,0.0,0.0,0.0,0.0,0.0,0.0,0.0,0.0,0.0,0.11080000000000002
28,0.0,24.62,24,1,20.33,113,1.6,4.56,1009.63,0,276.2,0.0,0.0,16.09,1,0,0,0,0,0.0,0.0,0.0,0.0,0.0,0.0,0.0,0.0,0.0,0.0,0.0,0.0,0.0,0.0,0.11902499999999999
29,0.0,24.02,23,1,20.24,105,1.26,3.52,1010.06,0,277.0,0.0,0.0,16.09,1,0,0,0,0,0.0,0.0,0.0,0.0,0.0,0.0,0.0,0.0,0.0,0.0,0.0,0.0,0.0,0.0,0.20232500000000006
30,0.0,24.61,24,1,20.6,119,1.06,2.44,1010.52,0,277.9,0.01,0.01,16.09,1,0,0,0,0,0.0,0.0,0.0,0.0,0.0,0.0,0.0,0.0,0.0,0.0,0.0,0.0,0.0,0.0,0.6316749999999999
31,0.0,25.44,25,1,21.13,128,1.1,2.28,1010.91,0,278.4,0.03,0.01,16.09,1,0,0,0,0,0.0,0.0,0.0,0.0,0.0,0.0,0.0,0.0,0.0,0.0,0.0,0.0,0.0,0.0,0.6784500000000001
32,0.0,26.24,26,1,21.43,137,1.11,2.17,1011.65,1,278.6,0.05,0.01,16.09,1,0,0,0,0,0.0,0.0,0.0,0.0,0.0,0.0,0.0,0.0,0.0,0.0,0.0,0.0,0.0,0.0,4.408375000000002
33,0.0,29.17,27,1,21.71,154,1.1,1.97,1012.16,3,277.9,0.05,0.01,16.09,1,0,0,0,0,0.0,0.0,0.0,0.0,0.0,0.0,0.0,0.0,0.0,0.0,0.0,0.0,0.0,0.0,4.991474999999999
34,0.1,30.83,28,1,21.62,67,1.19,1.66,1012.18,5,276.2,0.03,0.01,16.09,1,0,0,0,0,0.0,0.0,0.0,0.0,0.0,0.0,0.0,0.0,0.0,0.0,0.0,0.0,0.0,0.0,4.520750000000001
35,0.21,31.98,29,1,21.19,6,1.59,1.69,1011.88,7,275.2,0.02,0.01,16.09,0,0,0,0,1,0.0,0.0,0.0,0.0,0.0,0.0,0.0,0.0,0.0,0.0,0.0,0.0,0.0,0.0,6.344700000000002
36,0.24,32.8,30,1,20.75,10,2.0,2.0,1011.26,8,275.1,0.01,0.01,16.09,0,0,0,0,1,0.0,0.0,0.0,0.0,0.0,0.0,0.0,0.0,0.0,0.0,0.0,0.0,0.0,0.0,6.119150000000001
37,0.23,33.53,31,1,20.27,16,2.15,2.15,1010.36,8,275.1,0.0,0.0,16.09,0,0,0,0,1,0.0,0.0,0.0,0.0,0.0,0.0,0.0,0.0,0.0,0.0,0.0,0.0,0.0,0.0,8.408875000000002
38,0.2,34.31,32,0,19.85,17,2.24,2.51,1009.28,6,275.3,0.0,0.0,16.09,0,0,0,0,1,0.0,0.0,0.0,0.0,0.0,0.0,0.0,0.0,0.0,0.0,0.0,0.0,0.0,0.0,11.665049999999997
39,0.16,35.03,33,0,19.64,15,2.33,2.97,1008.4,4,275.6,0.01,0.01,16.09,0,0,0,0,1,0.0,0.0,0.0,0.0,0.0,0.0,0.0,0.0,0.0,0.0,0.0,0.0,0.0,0.0,6.616850000000003
40,0.07,35.0,33,0,19.05,9,2.37,3.22,1007.83,2,276.1,0.01,0.01,16.09,1,0,0,0,0,0.0,0.0,0.0,0.0,0.0,0.0,0.0,0.0,0.0,0.0,0.0,0.0,0.0,0.0,5.775475
41,0.04,34.37,33,0,18.76,5,2.13,2.95,1007.88,1,276.0,0.01,0.01,16.09,1,0,0,0,0,0.0,0.0,0.0,0.0,0.0,0.0,0.0,0.0,0.0,0.0,0.0,0.0,0.0,0.0,3.2701750000000005
42,0.01,33.81,32,0,19.34,12,1.91,2.99,1008.26,0,275.6,0.0,0.0,16.09,1,0,0,0,0,0.0,0.0,0.0,0.0,0.0,0.0,0.0,0.0,0.0,0.0,0.0,0.0,0.0,0.0,0.0
43,0.0,32.63,31,1,19.85,21,1.84,4.02,1008.47,0,275.8,0.0,0.0,16.09,1,0,0,0,0,0.0,0.0,0.0,0.0,0.0,0.0,0.0,0.0,0.0,0.0,0.0,0.0,0.0,0.0,0.13082500000000002
44,0.04,30.95,29,1,19.78,32,1.8,5.07,1008.76,0,275.8,0.0,0.0,16.09,1,0,0,0,0,0.0,0.0,0.0,0.0,0.0,0.0,0.0,0.0,0.0,0.0,0.0,0.0,0.0,0.0,0.045625
45,0.14,29.96,28,1,20.03,53,1.9,5.92,1009.05,0,275.0,0.0,0.0,16.09,0,0,0,0,1,0.0,0.0,0.0,0.0,0.0,0.0,0.0,0.0,0.0,0.0,0.0,0.0,0.0,0.0,0.039599999999999996
46,0.2,29.28,28,1,20.39,85,2.1,6.63,1009.11,0,273.3,0.0,0.0,16.09,0,0,0,0,1,0.0,0.0,0.0,0.0,0.0,0.0,0.0,0.0,0.0,0.0,0.0,0.0,0.0,0.0,0.12862499999999996
47,0.27,28.49,27,1,20.52,115,2.14,6.68,1009.13,0,272.1,0.0,0.0,16.09,0,0,0,0,1,0.0,0.0,0.0,0.0,0.0,0.0,0.0,0.0,0.0,0.0,0.0,0.0,0.0,0.0,0.10420000000000001
48,0.45,27.82,26,1,20.54,136,2.06,6.31,1008.95,0,271.9,0.0,0.0,16.09,0,0,0,0,1,0.0,0.0,0.0,0.0,0.0,0.0,0.0,0.0,0.0,0.0,0.0,0.0,0.0,0.0,0.097475
49,0.55,26.47,26,1,20.82,142,2.04,6.02,1008.84,0,272.4,0.0,0.0,16.09,0,0,1,0,0,0.0,0.0,0.0,0.0,0.0,0.0,0.0,0.0,0.0,0.0,0.0,0.0,0.0,0.0,0.142925
50,0.47,26.1,26,1,20.63,143,1.89,5.58,1008.9,0,273.2,0.0,0.0,16.09,0,0,0,0,1,0.0,0.0,0.0,0.0,0.0,0.0,0.0,0.0,0.0,0.0,0.0,0.0,0.0,0.0,0.17919999999999997
51,0.47,25.61,25,1,20.35,135,1.84,5.13,1008.88,0,273.7,0.0,0.0,16.09,0,0,0,0,1,0.0,0.0,0.0,0.0,0.0,0.0,0.0,0.0,0.0,0.0,0.0,0.0,0.0,0.0,0.06262499999999999
52,0.53,24.82,24,1,20.04,121,1.88,4.66,1009.12,0,274.0,0.0,0.0,16.09,0,0,1,0,0,0.0,0.0,0.0,0.0,0.0,0.0,0.0,0.0,0.0,0.0,0.0,0.0,0.0,0.0,0.07369999999999999
53,0.59,24.82,24,1,19.98,109,2.0,4.31,1009.53,0,274.4,0.0,0.0,16.09,0,0,1,0,0,0.0,0.0,0.0,0.0,0.0,0.0,0.0,0.0,0.0,0.0,0.0,0.0,0.0,0.0,0.08877499999999999
54,0.53,25.47,25,1,20.25,99,1.88,3.32,1009.8,0,273.4,0.0,0.0,16.09,0,0,1,0,0,0.0,0.0,0.0,0.0,0.0,0.0,0.0,0.0,0.0,0.0,0.0,0.0,0.0,0.0,0.3986
55,0.44,25.9,25,1,20.77,104,1.68,2.58,1010.45,0,272.3,0.0,0.0,16.09,0,0,0,0,1,0.0,0.0,0.0,0.0,0.0,0.0,0.0,0.0,0.0,0.0,0.0,0.0,0.0,0.0,0.6393000000000001
56,0.47,27.83,26,1,21.2,121,1.8,2.79,1010.98,1,272.4,0.01,0.02,16.09,0,0,0,0,1,0.0,0.0,0.0,0.0,0.0,0.0,0.0,0.0,0.0,0.0,0.0,0.0,0.0,0.0,4.281425000000001
57,0.51,30.44,28,1,21.28,129,1.73,2.75,1011.29,3,272.7,0.0,0.0,16.09,0,0,1,0,0,0.0,0.0,0.0,0.0,0.0,0.0,0.0,0.0,0.0,0.0,0.0,0.0,0.0,0.0,4.932375
58,0.73,32.39,30,1,20.75,126,1.84,2.55,1011.29,4,273.0,0.04,0.02,16.09,0,0,1,0,0,0.0,0.0,0.0,0.0,0.0,0.0,0.0,0.0,0.0,0.0,0.0,0.0,0.0,0.0,7.218375000000004
59,0.83,32.84,31,1,20.14,105,2.01,2.55,1011.25,5,274.1,0.42,0.06,16.09,0,0,1,0,0,0.0,0.0,0.0,0.0,0.0,0.0,0.0,0.0,0.0,0.0,0.0,0.0,0.0,0.0,7.595700000000001
60,0.75,33.04,31,1,19.59,88,1.71,2.51,1010.6,6,275.1,0.34,0.04,16.09,0,0,1,0,0,0.0,0.0,0.0,0.0,0.0,0.0,0.0,0.0,0.0,0.0,0.0,0.0,0.0,0.0,8.482274999999996
61,0.68,34.2,33,0,18.89,44,1.54,2.21,1009.79,6,274.9,0.0,0.0,16.09,0,0,1,0,0,0.0,0.0,0.0,0.0,0.0,0.0,0.0,0.0,0.0,0.0,0.0,0.0,0.0,0.0,11.923924999999995
62,0.62,35.41,34,0,18.37,358,1.67,2.0,1009.11,5,274.6,0.0,0.0,16.09,0,0,1,0,0,0.0,0.0,0.0,0.0,0.0,0.0,0.0,0.0,0.0,0.0,0.0,0.0,0.0,0.0,10.5701
63,0.59,36.34,35,0,17.99,347,1.68,1.95,1008.39,4,274.7,0.01,0.01,16.09,0,0,1,0,0,0.0,0.0,0.0,0.0,0.0,0.0,0.0,0.0,0.0,0.0,0.0,0.0,0.0,0.0,7.7835500000000035
64,0.58,35.03,34,0,17.15,344,1.79,2.03,1007.86,2,275.3,0.03,0.01,16.09,0,0,1,0,0,0.0,0.0,0.0,0.0,0.0,0.0,0.0,0.0,0.0,0.0,0.0,0.0,0.0,0.0,5.214599999999999
65,0.61,33.15,33,0,16.75,349,2.32,2.46,1007.77,0,275.2,0.05,0.02,16.09,0,0,1,0,0,0.0,0.0,0.0,0.0,0.0,0.0,0.0,0.0,0.0,0.0,0.0,0.0,0.0,0.0,0.00017500000000000003
66,0.31,32.29,31,0,17.98,25,2.79,3.55,1008.01,0,274.6,0.06,0.04,16.09,0,0,0,0,1,0.0,0.0,0.0,0.0,0.0,0.0,0.0,0.0,0.0,0.0,0.0,0.0,0.0,0.0,0.06132512135922329
67,0.0,31.33,30,1,19.22,68,2.87,5.24,1008.6,0,274.3,0.03,0.03,16.09,1,0,0,0,0,0.0,0.0,0.0,0.0,0.0,0.0,0.0,0.0,0.0,0.0,0.0,0.0,0.0,0.0,0.016450121359223302
68,0.01,30.54,29,1,19.19,92,2.95,6.91,1009.05,0,273.9,0.0,0.0,16.09,1,0,0,0,0,0.0,0.0,0.0,0.0,0.0,0.0,0.0,0.0,0.0,0.0,0.0,0.0,0.0,0.0,0.0106501213592233
69,0.0,29.91,28,1,19.37,115,3.12,7.83,1009.2,0,273.2,0.0,0.0,16.09,1,0,0,0,0,0.0,0.0,0.0,0.0,0.0,0.0,0.0,0.0,0.0,0.0,0.0,0.0,0.0,0.0,0.19957500000000003
70,0.0,29.36,28,1,19.52,137,3.4,8.17,1009.66,0,272.2,0.0,0.0,16.09,1,0,0,0,0,0.0,0.0,0.0,0.0,0.0,0.0,0.0,0.0,0.0,0.0,0.0,0.0,0.0,0.0,0.425825
71,0.0,28.6,27,1,19.58,154,3.3,6.93,1010.29,0,272.1,0.01,0.02,16.09,1,0,0,0,0,0.0,0.0,0.0,0.0,0.0,0.0,0.0,0.0,0.0,0.0,0.0,0.0,0.0,0.0,0.16740000000000002
72,0.0,27.7,26,1,19.57,164,2.92,5.84,1010.36,0,272.7,0.01,0.02,16.09,1,0,0,0,0,0.0,0.0,0.0,0.0,0.0,0.0,0.0,0.0,0.0,0.0,0.0,0.0,0.0,0.0,0.211725
73,0.0,26.28,26,1,19.62,171,2.57,6.39,1009.78,0,273.0,0.0,0.0,16.09,1,0,0,0,0,0.0,0.0,0.0,0.0,0.0,0.0,0.0,0.0,0.0,0.0,0.0,0.0,0.0,0.0,0.105325
74,0.0,25.61,25,1,19.24,175,2.23,6.84,1009.25,0,273.6,0.0,0.0,16.09,1,0,0,0,0,0.0,0.0,0.0,0.0,0.0,0.0,0.0,0.0,0.0,0.0,0.0,0.0,0.0,0.0,0.11422500000000003
75,0.02,24.79,24,1,18.95,173,2.18,6.77,1009.12,0,274.4,0.0,0.0,16.09,1,0,0,0,0,0.0,0.0,0.0,0.0,0.0,0.0,0.0,0.0,0.0,0.0,0.0,0.0,0.0,0.0,0.058575
76,0.07,24.05,24,1,18.84,164,2.43,6.27,1009.41,0,275.6,0.0,0.0,16.09,1,0,0,0,0,0.0,0.0,0.0,0.0,0.0,0.0,0.0,0.0,0.0,0.0,0.0,0.0,0.0,0.0,0.0629
77,0.15,24.18,24,1,18.84,155,2.58,5.18,1010.07,0,276.2,0.0,0.0,16.09,0,0,0,0,1,0.0,0.0,0.0,0.0,0.0,0.0,0.0,0.0,0.0,0.0,0.0,0.0,0.0,0.0,0.1564
78,0.33,24.63,24,1,18.88,139,2.48,3.89,1011.08,0,276.3,0.01,0.02,16.09,0,0,0,0,1,0.0,0.0,0.0,0.0,0.0,0.0,0.0,0.0,0.0,0.0,0.0,0.0,0.0,0.0,0.22732499999999997
79,0.62,24.92,25,1,19.14,96,2.24,2.84,1012.01,0,276.3,0.08,0.03,16.09,0,0,1,0,0,0.0,0.0,0.0,0.0,0.0,0.0,0.0,0.0,0.0,0.0,0.0,0.0,0.0,0.0,0.5017499999999999
80,0.91,25.5,25,1,19.5,40,2.02,2.13,1012.47,1,276.1,0.19,0.05,16.09,0,0,0,1,0,0.0,0.0,0.0,0.0,0.0,0.0,0.0,0.0,0.0,0.0,0.0,0.0,0.0,0.0,2.9788750000000004
81,1.0,27.84,27,1,19.58,5,2.09,2.09,1012.62,2,275.5,0.19,0.05,16.09,0,0,0,1,0,0.0,0.0,0.0,0.0,0.0,0.0,0.0,0.0,0.0,0.0,0.0,0.0,0.0,0.0,4.010750000000002
82,1.0,29.79,28,1,19.26,356,2.41,2.41,1012.41,3,274.5,0.08,0.03,16.09,0,0,0,1,0,0.0,0.0,0.0,0.0,0.0,0.0,0.0,0.0,0.0,0.0,0.0,0.0,0.0,0.0,9.150250000000002
83,1.0,31.47,30,1,18.86,7,2.97,3.01,1012.23,4,274.6,0.01,0.02,16.09,0,0,0,1,0,0.0,0.0,0.0,0.0,0.0,0.0,0.0,0.0,0.0,0.0,0.0,0.0,0.0,0.0,6.670074999999997
84,0.87,32.61,31,0,18.46,14,3.39,3.44,1011.79,5,275.2,0.0,0.0,16.09,0,0,1,0,0,0.0,0.0,0.0,0.0,0.0,0.0,0.0,0.0,0.0,0.0,0.0,0.0,0.0,0.0,9.922825
85,0.51,33.21,32,0,17.91,11,3.46,3.46,1010.62,6,275.1,0.0,0.0,16.09,0,0,1,0,0,0.0,0.0,0.0,0.0,0.0,0.0,0.0,0.0,0.0,0.0,0.0,0.0,0.0,0.0,11.162374999999997
86,0.15,33.57,33,0,17.31,8,3.45,3.45,1009.51,6,275.0,0.0,0.0,16.09,0,0,0,0,1,0.0,0.0,0.0,0.0,0.0,0.0,0.0,0.0,0.0,0.0,0.0,0.0,0.0,0.0,10.860849999999994
87,0.0,33.75,33,0,16.77,6,3.42,3.42,1008.79,4,275.0,0.0,0.0,16.09,1,0,0,0,0,0.0,0.0,0.0,0.0,0.0,0.0,0.0,0.0,0.0,0.0,0.0,0.0,0.0,0.0,6.938274999999999
88,0.03,33.55,34,0,15.85,4,3.37,3.37,1008.42,2,275.2,0.0,0.0,16.09,1,0,0,0,0,0.0,0.0,0.0,0.0,0.0,0.0,0.0,0.0,0.0,0.0,0.0,0.0,0.0,0.0,6.269950000000002
89,0.06,33.0,33,0,15.71,6,3.22,3.22,1008.57,0,275.4,0.01,0.01,16.09,1,0,0,0,0,0.0,0.0,0.0,0.0,0.0,0.0,0.0,0.0,0.0,0.0,0.0,0.0,0.0,0.0,0.0249001213592233
90,0.07,31.18,31,0,17.4,20,3.01,3.01,1009.45,0,275.5,0.01,0.01,16.09,1,0,0,0,0,0.0,0.0,0.0,0.0,0.0,0.0,0.0,0.0,0.0,0.0,0.0,0.0,0.0,0.0,0.06012547347189936
91,0.04,29.44,28,1,18.51,31,2.62,2.65,1010.06,0,275.8,0.01,0.01,16.09,1,0,0,0,0,0.0,0.0,0.0,0.0,0.0,0.0,0.0,0.0,0.0,0.0,0.0,0.0,0.0,0.0,0.2917006337283096
92,0.01,28.83,28,1,18.08,31,2.15,2.43,1010.19,0,276.0,0.01,0.01,16.09,1,0,0,0,0,0.0,0.0,0.0,0.0,0.0,0.0,0.0,0.0,0.0,0.0,0.0,0.0,0.0,0.0,0.4133005123690862
93,0.0,28.23,27,1,18.13,39,1.85,2.48,1010.31,0,276.1,0.0,0.0,16.09,1,0,0,0,0,0.0,0.0,0.0,0.0,0.0,0.0,0.0,0.0,0.0,0.0,0.0,0.0,0.0,0.0,0.07295109473716868
94,0.0,27.62,27,1,18.41,55,1.7,2.48,1010.37,0,276.3,0.0,0.0,16.09,1,0,0,0,0,0.0,0.0,0.0,0.0,0.0,0.0,0.0,0.0,0.0,0.0,0.0,0.0,0.0,0.0,0.07002609473716868
95,0.0,26.12,26,1,18.5,54,1.56,2.32,1010.44,0,277.3,0.0,0.0,16.09,1,0,0,0,0,0.0,0.0,0.0,0.0,0.0,0.0,0.0,0.0,0.0,0.0,0.0,0.0,0.0,0.0,0.022950869511943455
96,0.0,25.6,25,1,20.14,36,1.37,2.16,1010.4,0,278.1,0.0,0.0,16.09,1,0,0,0,0,0.0,0.0,0.0,0.0,0.0,0.0,0.0,0.0,0.0,0.0,0.0,0.0,0.0,0.0,0.05850086951194346
97,0.0,24.99,25,1,19.98,19,1.13,2.11,1009.76,0,277.6,0.0,0.0,16.09,1,0,0,0,0,0.0,0.0,0.0,0.0,0.0,0.0,0.0,0.0,0.0,0.0,0.0,0.0,0.0,0.0,0.10457551739926738
98,0.0,24.34,24,1,19.68,3,0.95,2.08,1009.3,0,277.1,0.0,0.0,16.09,1,0,0,0,0,0.0,0.0,0.0,0.0,0.0,0.0,0.0,0.0,0.0,0.0,0.0,0.0,0.0,0.0,0.26255051739926744
99,0.03,23.54,23,1,19.3,3,0.94,2.04,1009.29,0,277.0,0.0,0.0,16.09,1,0,0,0,0,0.0,0.0,0.0,0.0,0.0,0.0,0.0,0.0,0.0,0.0,0.0,0.0,0.0,0.0,0.3242503571428571
100,0.12,22.6,22,1,18.7,13,1.09,1.99,1009.88,0,277.5,0.0,0.0,16.09,1,0,0,0,0,0.0,0.0,0.0,0.0,0.0,0.0,0.0,0.0,0.0,0.0,0.0,0.0,0.0,0.0,0.32839999999999997
101,0.2,22.64,22,1,18.44,24,1.31,1.93,1010.57,0,278.1,0.0,0.0,16.09,0,0,0,0,1,0.0,0.0,0.0,0.0,0.0,0.0,0.0,0.0,0.0,0.0,0.0,0.0,0.0,0.0,0.231325
102,0.22,23.57,23,1,18.84,13,1.52,2.28,1011.27,0,278.1,0.0,0.0,16.09,0,0,0,0,1,0.0,0.0,0.0,0.0,0.0,0.0,0.0,0.0,0.0,0.0,0.0,0.0,0.0,0.0,0.27112551236908633
103,0.17,24.11,24,1,19.07,4,1.58,2.66,1012.07,0,278.0,0.0,0.0,16.09,0,0,0,0,1,0.0,0.0,0.0,0.0,0.0,0.0,0.0,0.0,0.0,0.0,0.0,0.0,0.0,0.0,0.26277573759431155
104,0.12,24.56,24,1,18.85,10,1.56,2.68,1012.49,1,278.4,0.0,0.0,16.09,1,0,0,0,0,0.0,0.0,0.0,0.0,0.0,0.0,0.0,0.0,0.0,0.0,0.0,0.0,0.0,0.0,5.278100000000002
105,0.17,25.99,26,1,18.55,5,1.71,2.67,1012.67,3,278.4,0.0,0.0,16.09,0,0,0,0,1,0.0,0.0,0.0,0.0,0.0,0.0,0.0,0.0,0.0,0.0,0.0,0.0,0.0,0.0,7.8185
106,0.31,28.52,28,1,18.16,351,2.09,2.58,1012.5,5,278.1,0.0,0.0,16.09,0,0,0,0,1,0.0,0.0,0.0,0.0,0.0,0.0,0.0,0.0,0.0,0.0,0.0,0.0,0.0,0.0,10.3899
107,0.47,30.22,30,0,17.68,341,2.56,2.64,1012.49,6,279.4,0.0,0.0,16.09,0,0,0,0,1,0.0,0.0,0.0,0.0,0.0,0.0,0.0,0.0,0.0,0.0,0.0,0.0,0.0,0.0,12.026600000000007
108,0.61,31.56,31,0,17.21,337,2.91,2.91,1012.06,6,281.1,0.0,0.0,16.09,0,0,1,0,0,0.0,0.0,0.0,0.0,0.0,0.0,0.0,0.0,0.0,0.0,0.0,0.0,0.0,0.0,11.620425000000006
109,0.74,32.54,32,0,16.88,333,3.12,3.28,1011.08,5,281.2,0.0,0.0,16.09,0,0,1,0,0,0.0,0.0,0.0,0.0,0.0,0.0,0.0,0.0,0.0,0.0,0.0,0.0,0.0,0.0,10.102075000000001
110,0.83,33.36,33,0,16.61,330,3.27,3.8,1010.04,4,281.4,0.01,0.01,16.09,0,0,1,0,0,0.0,0.0,0.0,0.0,0.0,0.0,0.0,0.0,0.0,0.0,0.0,0.0,0.0,0.0,8.756599999999999
111,0.86,33.92,34,0,16.23,333,3.35,4.02,1009.23,3,281.4,0.01,0.01,16.09,0,0,1,0,0,0.0,0.0,0.0,0.0,0.0,0.0,0.0,0.0,0.0,0.0,0.0,0.0,0.0,0.0,8.370550000000001
112,0.81,34.14,34,0,15.45,341,3.42,3.86,1008.77,2,281.4,0.01,0.01,16.09,0,0,1,0,0,0.0,0.0,0.0,0.0,0.0,0.0,0.0,0.0,0.0,0.0,0.0,0.0,0.0,0.0,5.849624999999996
113,0.73,33.15,33,0,16.16,352,2.82,3.29,1009.18,0,280.8,0.01,0.01,16.09,0,0,1,0,0,0.0,0.0,0.0,0.0,0.0,0.0,0.0,0.0,0.0,0.0,0.0,0.0,0.0,0.0,0.11215014705882352
114,0.6,32.04,32,0,17.29,358,2.06,2.66,1009.96,0,280.5,0.01,0.01,16.09,0,0,1,0,0,0.0,0.0,0.0,0.0,0.0,0.0,0.0,0.0,0.0,0.0,0.0,0.0,0.0,0.0,0.18147499999999997
115,0.39,30.71,30,0,17.5,352,1.78,2.28,1010.27,0,281.0,0.0,0.0,16.09,0,0,0,0,1,0.0,0.0,0.0,0.0,0.0,0.0,0.0,0.0,0.0,0.0,0.0,0.0,0.0,0.0,0.124425
116,0.19,29.18,28,1,17.72,347,1.56,1.98,1010.6,0,281.4,0.0,0.0,16.09,0,0,0,0,1,0.0,0.0,0.0,0.0,0.0,0.0,0.0,0.0,0.0,0.0,0.0,0.0,0.0,0.0,0.9759999999999998
117,0.1,28.1,27,1,17.95,356,1.63,2.06,1010.78,0,280.9,0.0,0.0,16.09,1,0,0,0,0,0.0,0.0,0.0,0.0,0.0,0.0,0.0,0.0,0.0,0.0,0.0,0.0,0.0,0.0,0.6736749999999998
118,0.09,26.66,26,1,18.32,19,2.02,2.59,1010.89,0,279.8,0.0,0.0,16.09,1,0,0,0,0,0.0,0.0,0.0,0.0,0.0,0.0,0.0,0.0,0.0,0.0,0.0,0.0,0.0,0.0,0.32125073759431144
119,0.06,25.9,26,1,18.76,35,2.2,2.61,1011.16,0,279.1,0.0,0.0,16.09,1,0,0,0,0,0.0,0.0,0.0,0.0,0.0,0.0,0.0,0.0,0.0,0.0,0.0,0.0,0.0,0.0,0.07360109473716868
120,0.1,25.16,25,1,19.11,40,2.02,2.24,1011.12,0,278.8,0.01,0.01,16.09,1,0,0,0,0,0.0,0.0,0.0,0.0,0.0,0.0,0.0,0.0,0.0,0.0,0.0,0.0,0.0,0.0,0.20870051236908632
121,0.25,24.57,24,1,19.16,37,1.72,2.11,1011.04,0,278.1,0.01,0.01,16.09,0,0,0,0,1,0.0,0.0,0.0,0.0,0.0,0.0,0.0,0.0,0.0,0.0,0.0,0.0,0.0,0.0,0.23837551236908638
122,0.41,23.87,23,1,19.01,37,1.35,1.92,1010.9,0,277.6,0.01,0.01,16.09,0,0,0,0,1,0.0,0.0,0.0,0.0,0.0,0.0,0.0,0.0,0.0,0.0,0.0,0.0,0.0,0.0,0.22560000000000002
123,0.54,23.0,23,1,18.64,62,1.1,1.79,1010.72,0,277.5,0.01,0.01,16.09,0,0,1,0,0,0.0,0.0,0.0,0.0,0.0,0.0,0.0,0.0,0.0,0.0,0.0,0.0,0.0,0.0,0.16337500000000002
124,0.65,22.24,22,1,18.1,107,0.96,1.69,1010.55,0,277.9,0.01,0.01,16.09,0,0,1,0,0,0.0,0.0,0.0,0.0,0.0,0.0,0.0,0.0,0.0,0.0,0.0,0.0,0.0,0.0,0.6437999999999999
125,0.72,22.18,22,1,17.63,148,0.88,1.64,1010.51,0,278.2,0.01,0.01,16.09,0,0,1,0,0,0.0,0.0,0.0,0.0,0.0,0.0,0.0,0.0,0.0,0.0,0.0,0.0,0.0,0.0,0.5247249999999998
126,0.76,23.04,23,1,18.1,87,0.82,1.17,1011.13,0,277.9,0.01,0.01,16.09,0,0,1,0,0,0.0,0.0,0.0,0.0,0.0,0.0,0.0,0.0,0.0,0.0,0.0,0.0,0.0,0.0,0.6545500000000001
127,0.81,24.16,24,1,18.71,82,0.84,0.84,1011.85,0,277.4,0.0,0.0,16.09,0,0,1,0,0,0.0,0.0,0.0,0.0,0.0,0.0,0.0,0.0,0.0,0.0,0.0,0.0,0.0,0.0,0.6773000000000002
128,0.84,25.12,25,1,18.51,239,0.95,1.04,1012.34,1,277.0,0.0,0.0,16.09,0,0,1,0,0,0.0,0.0,0.0,0.0,0.0,0.0,0.0,0.0,0.0,0.0,0.0,0.0,0.0,0.0,4.429100000000003
129,0.86,27.53,27,1,17.99,223,1.15,1.47,1012.58,2,276.5,0.0,0.0,16.09,0,0,1,0,0,0.0,0.0,0.0,0.0,0.0,0.0,0.0,0.0,0.0,0.0,0.0,0.0,0.0,0.0,7.950750000000003
130,0.87,29.17,29,1,17.14,83,1.46,1.99,1012.54,4,276.0,0.0,0.0,16.09,0,0,1,0,0,0.0,0.0,0.0,0.0,0.0,0.0,0.0,0.0,0.0,0.0,0.0,0.0,0.0,0.0,10.344849999999997
131,0.88,30.67,31,0,16.32,359,1.78,2.33,1012.34,5,275.5,0.01,0.01,16.09,0,0,0,1,0,0.0,0.0,0.0,0.0,0.0,0.0,0.0,0.0,0.0,0.0,0.0,0.0,0.0,0.0,11.559499999999998
132,0.91,31.94,32,0,15.7,318,2.04,2.36,1011.76,5,275.4,0.01,0.01,16.09,0,0,0,1,0,0.0,0.0,0.0,0.0,0.0,0.0,0.0,0.0,0.0,0.0,0.0,0.0,0.0,0.0,11.28655
133,0.95,32.89,33,0,15.04,311,2.28,2.36,1010.71,5,275.5,0.01,0.01,16.09,0,0,0,1,0,0.0,0.0,0.0,0.0,0.0,0.0,0.0,0.0,0.0,0.0,0.0,0.0,0.0,0.0,11.665374999999992
134,0.99,33.3,33,0,14.42,315,2.51,2.51,1009.72,4,275.6,0.01,0.01,16.09,0,0,0,1,0,0.0,0.0,0.0,0.0,0.0,0.0,0.0,0.0,0.0,0.0,0.0,0.0,0.0,0.0,10.067550000000006
135,1.0,33.49,33,0,14.15,317,2.76,2.76,1009.1,3,275.6,0.01,0.01,16.09,0,0,0,1,0,0.0,0.0,0.0,0.0,0.0,0.0,0.0,0.0,0.0,0.0,0.0,0.0,0.0,0.0,9.268925000000008
136,0.98,33.58,34,0,14.14,319,3.03,3.03,1008.87,2,275.6,0.0,0.0,16.09,0,0,0,1,0,0.0,0.0,0.0,0.0,0.0,0.0,0.0,0.0,0.0,0.0,0.0,0.0,0.0,0.0,4.733899999999998
137,0.97,33.06,33,0,14.47,323,3.19,3.19,1008.58,0,275.5,0.0,0.0,16.09,0,0,0,1,0,0.0,0.0,0.0,0.0,0.0,0.0,0.0,0.0,0.0,0.0,0.0,0.0,0.0,0.0,0.15460000000000002
138,0.96,31.67,32,0,15.89,341,3.03,3.03,1009.22,0,275.9,0.0,0.0,16.09,0,0,0,1,0,0.0,0.0,0.0,0.0,0.0,0.0,0.0,0.0,0.0,0.0,0.0,0.0,0.0,0.0,0.30219999999999997
139,0.98,30.34,30,0,17.38,7,2.71,2.72,1010.84,0,276.2,0.0,0.0,16.09,0,0,0,1,0,0.0,0.0,0.0,0.0,0.0,0.0,0.0,0.0,0.0,0.0,0.0,0.0,0.0,0.0,0.10992547347189938
140,0.99,28.95,28,1,17.42,19,2.54,2.87,1011.49,0,275.7,0.0,0.0,16.09,0,0,0,1,0,0.0,0.0,0.0,0.0,0.0,0.0,0.0,0.0,0.0,0.0,0.0,0.0,0.0,0.0,0.3778758589535349
141,0.99,28.01,27,1,17.64,23,2.77,3.97,1011.75,0,274.8,0.0,0.0,16.09,0,0,0,1,0,0.0,0.0,0.0,0.0,0.0,0.0,0.0,0.0,0.0,0.0,0.0,0.0,0.0,0.0,0.09387585895353485
142,0.99,27.37,26,1,18.01,16,3.43,5.88,1011.56,0,273.5,0.0,0.0,16.09,0,0,0,1,0,0.0,0.0,0.0,0.0,0.0,0.0,0.0,0.0,0.0,0.0,0.0,0.0,0.0,0.0,0.2179002816156336
143,1.0,26.09,26,1,18.4,7,4.0,7.51,1011.16,0,272.5,0.0,0.0,16.09,0,0,0,1,0,0.0,0.0,0.0,0.0,0.0,0.0,0.0,0.0,0.0,0.0,0.0,0.0,0.0,0.0,0.1552252816156335
144,0.98,25.08,25,1,15.61,359,4.07,8.38,1010.99,0,271.6,0.0,0.0,16.09,0,0,0,1,0,0.0,0.0,0.0,0.0,0.0,0.0,0.0,0.0,0.0,0.0,0.0,0.0,0.0,0.0,0.5499249999999999
145,0.95,24.5,24,1,16.05,353,3.45,7.15,1011.3,0,270.9,0.0,0.0,16.09,0,0,0,1,0,0.0,0.0,0.0,0.0,0.0,0.0,0.0,0.0,0.0,0.0,0.0,0.0,0.0,0.0,0.1943004717385711
146,0.91,24.18,24,1,16.36,345,2.6,4.74,1011.64,0,270.9,0.0,0.0,16.09,0,0,0,1,0,0.0,0.0,0.0,0.0,0.0,0.0,0.0,0.0,0.0,0.0,0.0,0.0,0.0,0.0,0.28790047173857114
147,0.9,23.54,23,1,16.53,337,2.28,4.21,1011.71,0,271.1,0.01,0.02,16.09,0,0,0,1,0,0.0,0.0,0.0,0.0,0.0,0.0,0.0,0.0,0.0,0.0,0.0,0.0,0.0,0.0,0.350625
148,0.9,22.69,23,1,16.57,331,2.51,5.59,1011.71,0,271.7,0.0,0.0,16.09,0,0,0,1,0,0.0,0.0,0.0,0.0,0.0,0.0,0.0,0.0,0.0,0.0,0.0,0.0,0.0,0.0,0.310675
149,0.9,22.41,22,1,16.73,331,2.41,5.29,1012.23,0,272.1,0.03,0.03,16.09,0,0,0,1,0,0.0,0.0,0.0,0.0,0.0,0.0,0.0,0.0,0.0,0.0,0.0,0.0,0.0,0.0,0.32622500000000004
150,0.92,23.22,23,1,17.14,343,2.21,4.58,1013.13,0,272.4,0.05,0.04,16.09,0,0,0,1,0,0.0,0.0,0.0,0.0,0.0,0.0,0.0,0.0,0.0,0.0,0.0,0.0,0.0,0.0,0.3703251908396947
151,0.96,23.82,24,1,17.57,341,2.87,5.88,1013.99,0,273.0,0.03,0.03,16.09,0,0,0,1,0,0.0,0.0,0.0,0.0,0.0,0.0,0.0,0.0,0.0,0.0,0.0,0.0,0.0,0.0,0.22135047173857103
152,1.0,24.05,24,1,17.86,329,3.66,6.88,1014.86,1,273.6,0.01,0.02,16.09,0,0,0,1,0,0.0,0.0,0.0,0.0,0.0,0.0,0.0,0.0,0.0,0.0,0.0,0.0,0.0,0.0,3.3292250000000023
153,0.97,25.34,25,1,18.12,325,3.68,6.76,1015.13,2,274.2,0.0,0.0,16.09,0,0,0,1,0,0.0,0.0,0.0,0.0,0.0,0.0,0.0,0.0,0.0,0.0,0.0,0.0,0.0,0.0,7.148599999999999
154,0.87,28.08,27,1,18.2,328,2.97,5.57,1014.9,4,274.6,0.0,0.0,16.09,0,0,1,0,0,0.0,0.0,0.0,0.0,0.0,0.0,0.0,0.0,0.0,0.0,0.0,0.0,0.0,0.0,10.088550000000005
155,0.72,29.85,29,1,18.11,331,2.12,3.93,1014.78,5,276.3,0.0,0.0,16.09,0,0,1,0,0,0.0,0.0,0.0,0.0,0.0,0.0,0.0,0.0,0.0,0.0,0.0,0.0,0.0,0.0,10.833625000000001
156,0.64,31.36,30,0,18.12,331,1.83,2.99,1014.44,6,277.9,0.0,0.0,16.09,0,0,1,0,0,0.0,0.0,0.0,0.0,0.0,0.0,0.0,0.0,0.0,0.0,0.0,0.0,0.0,0.0,12.082200000000002
157,0.66,32.83,32,0,18.05,326,2.2,3.04,1013.43,6,278.2,0.07,0.01,16.09,0,0,1,0,0,0.0,0.0,0.0,0.0,0.0,0.0,0.0,0.0,0.0,0.0,0.0,0.0,0.0,0.0,10.8815
158,0.67,33.29,32,0,17.77,328,2.65,3.29,1012.33,5,278.4,0.17,0.02,16.09,0,0,1,0,0,0.0,0.0,0.0,0.0,0.0,0.0,0.0,0.0,0.0,0.0,0.0,0.0,0.0,0.0,9.1043
159,0.63,32.72,32,0,17.27,355,2.88,3.5,1011.69,3,278.7,0.17,0.02,16.09,0,0,1,0,0,0.0,0.0,0.0,0.0,0.0,0.0,0.0,0.0,0.0,0.0,0.0,0.0,0.0,0.0,6.747425
160,0.52,32.08,32,0,16.63,327,2.9,3.73,1011.51,2,279.2,0.07,0.01,16.09,0,0,1,0,0,0.0,0.0,0.0,0.0,0.0,0.0,0.0,0.0,0.0,0.0,0.0,0.0,0.0,0.0,5.993350000000001
161,0.4,30.89,31,0,16.33,278,2.83,3.98,1011.24,0,279.6,0.0,0.0,16.09,0,0,0,0,1,0.0,0.0,0.0,0.0,0.0,0.0,0.0,0.0,0.0,0.0,0.0,0.0,0.0,0.0,0.2687251470588235
162,0.28,30.49,30,0,16.41,311,2.83,3.64,1011.1,0,278.7,0.0,0.0,16.09,0,0,0,0,1,0.0,0.0,0.0,0.0,0.0,0.0,0.0,0.0,0.0,0.0,0.0,0.0,0.0,0.0,0.19260014705882347
163,0.15,29.92,30,0,16.32,322,2.63,3.12,1011.64,0,277.4,0.0,0.0,16.09,0,0,0,0,1,0.0,0.0,0.0,0.0,0.0,0.0,0.0,0.0,0.0,0.0,0.0,0.0,0.0,0.0,0.4557001470588235
164,0.04,28.5,28,0,16.03,309,2.23,3.0,1011.99,0,276.6,0.0,0.0,16.09,1,0,0,0,0,0.0,0.0,0.0,0.0,0.0,0.0,0.0,0.0,0.0,0.0,0.0,0.0,0.0,0.0,0.5455750000000001
165,0.0,27.57,27,1,15.83,305,2.09,2.87,1012.21,0,276.0,0.0,0.0,16.09,1,0,0,0,0,0.0,0.0,0.0,0.0,0.0,0.0,0.0,0.0,0.0,0.0,0.0,0.0,0.0,0.0,0.5909500000000001
166,0.0,26.4,26,1,15.7,307,2.17,2.7,1012.25,0,275.5,0.0,0.0,16.09,1,0,0,0,0,0.0,0.0,0.0,0.0,0.0,0.0,0.0,0.0,0.0,0.0,0.0,0.0,0.0,0.0,0.6807250000000002
167,0.0,25.72,26,1,15.6,311,2.26,2.53,1012.02,0,275.1,0.0,0.0,16.09,1,0,0,0,0,0.0,0.0,0.0,0.0,0.0,0.0,0.0,0.0,0.0,0.0,0.0,0.0,0.0,0.0,0.5565000000000001
168,0.0,25.09,25,1,15.19,316,2.47,3.05,1011.96,0,275.5,0.0,0.0,16.09,1,0,0,0,0,0.0,0.0,0.0,0.0,0.0,0.0,0.0,0.0,0.0,0.0,0.0,0.0,0.0,0.0,0.5010000000000001
169,0.0,24.43,24,1,14.88,321,2.58,3.61,1011.84,0,276.2,0.0,0.0,16.09,1,0,0,0,0,0.0,0.0,0.0,0.0,0.0,0.0,0.0,0.0,0.0,0.0,0.0,0.0,0.0,0.0,0.09070053089887642
170,0.0,23.79,24,1,14.72,327,2.42,3.54,1011.33,0,276.4,0.0,0.0,16.09,1,0,0,0,0,0.0,0.0,0.0,0.0,0.0,0.0,0.0,0.0,0.0,0.0,0.0,0.0,0.0,0.0,0.17957557894736845
171,0.0,22.68,23,1,14.47,330,2.2,3.43,1011.19,0,276.8,0.0,0.0,16.09,1,0,0,0,0,0.0,0.0,0.0,0.0,0.0,0.0,0.0,0.0,0.0,0.0,0.0,0.0,0.0,0.0,0.2064505789473684
172,0.0,21.29,21,1,14.24,311,1.91,3.23,1011.03,0,277.3,0.0,0.0,16.09,1,0,0,0,0,0.0,0.0,0.0,0.0,0.0,0.0,0.0,0.0,0.0,0.0,0.0,0.0,0.0,0.0,0.26415000000000005
173,0.0,21.02,21,1,13.99,299,1.68,3.02,1010.81,0,277.6,0.0,0.0,16.09,1,0,0,0,0,0.0,0.0,0.0,0.0,0.0,0.0,0.0,0.0,0.0,0.0,0.0,0.0,0.0,0.0,0.27704999999999996
174,0.0,21.78,22,1,15.1,312,1.35,2.64,1011.47,0,277.0,0.0,0.0,16.09,1,0,0,0,0,0.0,0.0,0.0,0.0,0.0,0.0,0.0,0.0,0.0,0.0,0.0,0.0,0.0,0.0,0.19667500000000002
175,0.0,22.53,22,1,16.55,294,1.35,2.58,1012.55,0,275.9,0.0,0.0,16.09,1,0,0,0,0,0.0,0.0,0.0,0.0,0.0,0.0,0.0,0.0,0.0,0.0,0.0,0.0,0.0,0.0,0.300825
176,0.0,23.61,23,1,17.03,276,1.85,3.02,1013.21,1,275.1,0.0,0.0,16.09,1,0,0,0,0,0.0,0.0,0.0,0.0,0.0,0.0,0.0,0.0,0.0,0.0,0.0,0.0,0.0,0.0,5.801750000000001
177,0.0,25.59,25,1,17.27,221,2.3,3.39,1013.52,3,274.7,0.0,0.0,16.09,1,0,0,0,0,0.0,0.0,0.0,0.0,0.0,0.0,0.0,0.0,0.0,0.0,0.0,0.0,0.0,0.0,8.074175
178,0.0,28.42,28,1,17.18,65,2.78,3.75,1013.31,5,274.6,0.0,0.0,16.09,1,0,0,0,0,0.0,0.0,0.0,0.0,0.0,0.0,0.0,0.0,0.0,0.0,0.0,0.0,0.0,0.0,10.969674999999997
179,0.0,30.27,30,0,16.65,345,3.16,3.89,1013.0,7,275.4,0.0,0.0,16.09,1,0,0,0,0,0.0,0.0,0.0,0.0,0.0,0.0,0.0,0.0,0.0,0.0,0.0,0.0,0.0,0.0,11.146875
180,0.0,31.58,32,0,16.19,303,3.33,3.85,1012.45,8,276.4,0.0,0.0,16.09,1,0,0,0,0,0.0,0.0,0.0,0.0,0.0,0.0,0.0,0.0,0.0,0.0,0.0,0.0,0.0,0.0,10.507075
181,0.0,32.48,32,0,15.59,304,3.35,3.84,1011.3,8,276.6,0.0,0.0,16.09,1,0,0,0,0,0.0,0.0,0.0,0.0,0.0,0.0,0.0,0.0,0.0,0.0,0.0,0.0,0.0,0.0,10.627024999999996
182,0.0,33.23,33,0,14.78,314,3.3,3.74,1010.15,6,276.8,0.0,0.0,16.09,1,0,0,0,0,0.0,0.0,0.0,0.0,0.0,0.0,0.0,0.0,0.0,0.0,0.0,0.0,0.0,0.0,10.855625000000002
183,0.0,33.78,34,0,13.91,320,3.27,3.68,1009.41,4,277.1,0.0,0.0,16.09,1,0,0,0,0,0.0,0.0,0.0,0.0,0.0,0.0,0.0,0.0,0.0,0.0,0.0,0.0,0.0,0.0,7.234699999999998
184,0.0,33.77,34,0,13.32,323,3.29,3.65,1009.25,2,277.6,0.0,0.0,16.09,1,0,0,0,0,0.0,0.0,0.0,0.0,0.0,0.0,0.0,0.0,0.0,0.0,0.0,0.0,0.0,0.0,5.302674999999998
185,0.0,33.07,33,0,13.28,328,3.22,3.52,1009.43,0,278.1,0.0,0.0,16.09,1,0,0,0,0,0.0,0.0,0.0,0.0,0.0,0.0,0.0,0.0,0.0,0.0,0.0,0.0,0.0,0.0,0.04885014705882353
186,0.0,31.77,32,0,13.95,339,2.93,3.13,1009.79,0,277.7,0.0,0.0,16.09,1,0,0,0,0,0.0,0.0,0.0,0.0,0.0,0.0,0.0,0.0,0.0,0.0,0.0,0.0,0.0,0.0,0.1906751470588235
187,0.0,29.72,30,0,14.41,357,2.3,2.39,1010.56,0,277.3,0.0,0.0,16.09,1,0,0,0,0,0.0,0.0,0.0,0.0,0.0,0.0,0.0,0.0,0.0,0.0,0.0,0.0,0.0,0.0,1.6772500000000006
188,0.0,27.81,28,0,13.98,10,1.62,1.65,1010.91,0,277.3,0.0,0.0,16.09,1,0,0,0,0,0.0,0.0,0.0,0.0,0.0,0.0,0.0,0.0,0.0,0.0,0.0,0.0,0.0,0.0,0.6840003571428572
189,0.0,26.54,27,0,13.57,18,1.29,1.46,1011.18,0,277.1,0.0,0.0,16.09,1,0,0,0,0,0.0,0.0,0.0,0.0,0.0,0.0,0.0,0.0,0.0,0.0,0.0,0.0,0.0,0.0,0.5219003571428573
190,0.0,25.86,26,0,13.11,31,1.3,1.83,1011.36,0,276.5,0.0,0.0,16.09,1,0,0,0,0,0.0,0.0,0.0,0.0,0.0,0.0,0.0,0.0,0.0,0.0,0.0,0.0,0.0,0.0,0.23112554798255175
191,0.0,25.39,25,0,12.68,36,1.37,2.27,1011.38,0,275.9,0.0,0.0,16.09,1,0,0,0,0,0.0,0.0,0.0,0.0,0.0,0.0,0.0,0.0,0.0,0.0,0.0,0.0,0.0,0.0,0.05800106035163812
192,0.0,24.86,25,0,12.32,34,1.3,2.38,1011.17,0,275.3,0.0,0.0,16.09,1,0,0,0,0,0.0,0.0,0.0,0.0,0.0,0.0,0.0,0.0,0.0,0.0,0.0,0.0,0.0,0.0,0.17175106035163812
193,0.0,24.29,24,0,12.33,19,1.1,2.27,1010.51,0,275.3,0.0,0.0,16.09,1,0,0,0,0,0.0,0.0,0.0,0.0,0.0,0.0,0.0,0.0,0.0,0.0,0.0,0.0,0.0,0.0,0.1384505173992674
194,0.0,23.69,24,0,12.49,42,0.92,2.18,1010.28,0,275.7,0.0,0.0,16.09,1,0,0,0,0,0.0,0.0,0.0,0.0,0.0,0.0,0.0,0.0,0.0,0.0,0.0,0.0,0.0,0.0,0.10572551739926742
195,0.0,22.63,23,1,12.51,106,0.88,2.05,1010.24,0,276.3,0.0,0.0,16.09,1,0,0,0,0,0.0,0.0,0.0,0.0,0.0,0.0,0.0,0.0,0.0,0.0,0.0,0.0,0.0,0.0,0.37017500000000003
196,0.0,21.52,22,1,12.39,147,0.94,1.92,1010.36,0,277.0,0.0,0.0,16.09,1,0,0,0,0,0.0,0.0,0.0,0.0,0.0,0.0,0.0,0.0,0.0,0.0,0.0,0.0,0.0,0.0,0.4011
197,0.0,20.96,21,1,13.9,121,1.16,1.56,1011.31,0,277.2,0.0,0.0,16.09,1,0,0,0,0,0.0,0.0,0.0,0.0,0.0,0.0,0.0,0.0,0.0,0.0,0.0,0.0,0.0,0.0,0.7410749999999997
198,0.0,22.07,22,1,15.64,98,1.42,1.42,1012.28,0,276.9,0.0,0.0,16.09,1,0,0,0,0,0.0,0.0,0.0,0.0,0.0,0.0,0.0,0.0,0.0,0.0,0.0,0.0,0.0,0.0,0.763575
199,0.0,23.43,23,1,16.06,120,1.56,1.99,1012.31,0,276.5,0.0,0.0,16.09,1,0,0,0,0,0.0,0.0,0.0,0.0,0.0,0.0,0.0,0.0,0.0,0.0,0.0,0.0,0.0,0.0,0.6620249999999999
200,0.0,24.46,24,1,16.47,139,1.63,2.69,1012.51,1,276.1,0.0,0.0,16.09,1,0,0,0,0,0.0,0.0,0.0,0.0,0.0,0.0,0.0,0.0,0.0,0.0,0.0,0.0,0.0,0.0,5.7885000000000035
201,0.0,26.33,26,1,16.71,150,1.53,2.67,1012.68,3,276.0,0.0,0.0,16.09,1,0,0,0,0,0.0,0.0,0.0,0.0,0.0,0.0,0.0,0.0,0.0,0.0,0.0,0.0,0.0,0.0,9.242099999999997
202,0.0,28.81,28,0,16.76,154,1.31,1.93,1012.69,5,276.2,0.0,0.0,16.09,1,0,0,0,0,0.0,0.0,0.0,0.0,0.0,0.0,0.0,0.0,0.0,0.0,0.0,0.0,0.0,0.0,10.925149999999997
203,0.0,30.58,30,0,16.47,139,1.16,1.28,1012.68,7,276.5,0.0,0.0,16.09,1,0,0,0,0,0.0,0.0,0.0,0.0,0.0,0.0,0.0,0.0,0.0,0.0,0.0,0.0,0.0,0.0,12.856074999999992
204,0.0,31.85,32,0,16.19,99,1.25,1.25,1012.35,8,276.9,0.0,0.0,16.09,1,0,0,0,0,0.0,0.0,0.0,0.0,0.0,0.0,0.0,0.0,0.0,0.0,0.0,0.0,0.0,0.0,11.689074999999997
205,0.0,32.7,33,0,15.69,48,1.54,1.71,1011.32,8,277.1,0.0,0.0,16.09,1,0,0,0,0,0.0,0.0,0.0,0.0,0.0,0.0,0.0,0.0,0.0,0.0,0.0,0.0,0.0,0.0,12.943449999999991
206,0.0,33.39,33,0,14.96,2,1.87,2.37,1010.3,6,277.3,0.0,0.0,16.09,1,0,0,0,0,0.0,0.0,0.0,0.0,0.0,0.0,0.0,0.0,0.0,0.0,0.0,0.0,0.0,0.0,12.438949999999998
207,0.0,33.94,34,0,14.15,343,2.14,2.65,1009.56,4,277.6,0.0,0.0,16.09,1,0,0,0,0,0.0,0.0,0.0,0.0,0.0,0.0,0.0,0.0,0.0,0.0,0.0,0.0,0.0,0.0,7.796349999999997
208,0.0,33.95,34,0,13.64,350,2.37,2.62,1009.11,2,278.1,0.0,0.0,16.09,1,0,0,0,0,0.0,0.0,0.0,0.0,0.0,0.0,0.0,0.0,0.0,0.0,0.0,0.0,0.0,0.0,5.712775000000001
209,0.0,33.26,33,0,13.59,4,2.57,2.69,1009.1,0,278.5,0.0,0.0,16.09,1,0,0,0,0,0.0,0.0,0.0,0.0,0.0,0.0,0.0,0.0,0.0,0.0,0.0,0.0,0.0,0.0,0.0451251213592233
210,0.0,32.13,32,0,14.2,19,2.2,2.41,1009.63,0,279.3,0.0,0.0,16.09,1,0,0,0,0,0.0,0.0,0.0,0.0,0.0,0.0,0.0,0.0,0.0,0.0,0.0,0.0,0.0,0.0,0.0516
211,0.0,30.3,30,0,14.42,33,1.93,2.14,1010.13,0,279.8,0.0,0.0,16.09,1,0,0,0,0,0.0,0.0,0.0,0.0,0.0,0.0,0.0,0.0,0.0,0.0,0.0,0.0,0.0,0.0,0.028675352112676057
212,0.0,28.46,28,0,13.64,38,2.19,2.43,1010.28,0,279.6,0.0,0.0,16.09,1,0,0,0,0,0.0,0.0,0.0,0.0,0.0,0.0,0.0,0.0,0.0,0.0,0.0,0.0,0.0,0.0,0.2288260947371687
213,0.0,27.06,27,0,13.29,46,2.25,3.13,1010.62,0,279.2,0.0,0.0,16.09,1,0,0,0,0,0.0,0.0,0.0,0.0,0.0,0.0,0.0,0.0,0.0,0.0,0.0,0.0,0.0,0.0,0.06497673793876614
214,0.0,26.14,26,0,13.36,56,2.22,4.34,1010.73,0,278.6,0.0,0.0,16.09,1,0,0,0,0,0.0,0.0,0.0,0.0,0.0,0.0,0.0,0.0,0.0,0.0,0.0,0.0,0.0,0.0,0.04475128930946291
215,0.0,25.41,25,0,13.61,63,2.22,5.46,1010.62,0,278.0,0.0,0.0,16.09,1,0,0,0,0,0.0,0.0,0.0,0.0,0.0,0.0,0.0,0.0,0.0,0.0,0.0,0.0,0.0,0.0,0.03280068831058605
216,0.0,24.67,25,1,14.57,65,2.13,5.22,1010.68,0,277.8,0.0,0.0,16.09,1,0,0,0,0,0.0,0.0,0.0,0.0,0.0,0.0,0.0,0.0,0.0,0.0,0.0,0.0,0.0,0.0,4.86697682822169e-07
217,0.0,23.92,24,1,14.66,61,2.05,4.31,1010.9,0,277.8,0.0,0.0,16.09,1,0,0,0,0,0.0,0.0,0.0,0.0,0.0,0.0,0.0,0.0,0.0,0.0,0.0,0.0,0.0,0.0,0.0046508721793183045
218,0.0,23.14,23,1,14.96,58,2.07,3.86,1010.85,0,277.8,0.01,0.01,16.09,1,0,0,0,0,0.0,0.0,0.0,0.0,0.0,0.0,0.0,0.0,0.0,0.0,0.0,0.0,0.0,0.0,0.034625512369086314
219,0.0,22.09,22,1,15.31,62,2.0,3.6,1010.88,0,278.1,0.01,0.01,16.09,1,0,0,0,0,0.0,0.0,0.0,0.0,0.0,0.0,0.0,0.0,0.0,0.0,0.0,0.0,0.0,0.0,0.03832551236908631
220,0.0,20.91,21,1,15.62,73,1.87,3.59,1010.92,0,278.7,0.01,0.01,16.09,1,0,0,0,0,0.0,0.0,0.0,0.0,0.0,0.0,0.0,0.0,0.0,0.0,0.0,0.0,0.0,0.0,0.044250352112676056
221,0.0,21.13,21,1,16.73,73,1.76,3.26,1011.23,0,279.2,0.01,0.01,16.09,1,0,0,0,0,0.0,0.0,0.0,0.0,0.0,0.0,0.0,0.0,0.0,0.0,0.0,0.0,0.0,0.0,0.05155035211267606
222,0.0,22.07,22,1,17.86,65,1.67,2.81,1011.66,0,279.8,0.0,0.0,16.09,1,0,0,0,0,0.0,0.0,0.0,0.0,0.0,0.0,0.0,0.0,0.0,0.0,0.0,0.0,0.0,0.0,0.1796005773379013
223,0.0,22.56,22,1,18.27,65,1.58,2.64,1012.26,0,280.5,0.0,0.0,16.09,1,0,0,0,0,0.0,0.0,0.0,0.0,0.0,0.0,0.0,0.0,0.0,0.0,0.0,0.0,0.0,0.0,0.09597593448075843
224,0.0,23.6,23,1,18.47,61,1.5,2.48,1012.6,1,281.2,0.0,0.0,16.09,1,0,0,0,0,0.0,0.0,0.0,0.0,0.0,0.0,0.0,0.0,0.0,0.0,0.0,0.0,0.0,0.0,4.63115
225,0.0,25.63,25,1,18.16,48,1.42,2.42,1012.66,3,281.4,0.0,0.0,16.09,1,0,0,0,0,0.0,0.0,0.0,0.0,0.0,0.0,0.0,0.0,0.0,0.0,0.0,0.0,0.0,0.0,8.3139
226,0.0,28.74,28,1,17.53,25,1.31,2.46,1012.73,5,281.3,0.0,0.0,16.09,1,0,0,0,0,0.0,0.0,0.0,0.0,0.0,0.0,0.0,0.0,0.0,0.0,0.0,0.0,0.0,0.0,10.475099999999998
227,0.0,30.88,31,0,16.95,2,1.31,2.56,1012.64,7,281.4,0.0,0.0,16.09,1,0,0,0,0,0.0,0.0,0.0,0.0,0.0,0.0,0.0,0.0,0.0,0.0,0.0,0.0,0.0,0.0,11.155149999999992
228,0.0,32.23,32,0,16.18,351,1.56,2.75,1012.25,8,281.9,0.0,0.0,16.09,1,0,0,0,0,0.0,0.0,0.0,0.0,0.0,0.0,0.0,0.0,0.0,0.0,0.0,0.0,0.0,0.0,12.838850000000004
229,0.0,33.14,33,0,15.06,351,2.02,3.02,1011.46,8,282.2,0.0,0.0,16.09,1,0,0,0,0,0.0,0.0,0.0,0.0,0.0,0.0,0.0,0.0,0.0,0.0,0.0,0.0,0.0,0.0,13.298474999999998
230,0.0,33.83,34,0,13.87,355,2.49,3.3,1010.55,6,282.6,0.0,0.0,16.09,1,0,0,0,0,0.0,0.0,0.0,0.0,0.0,0.0,0.0,0.0,0.0,0.0,0.0,0.0,0.0,0.0,9.903700000000002
231,0.0,34.32,34,0,12.87,356,2.82,3.47,1009.88,4,283.0,0.01,0.01,16.09,1,0,0,0,0,0.0,0.0,0.0,0.0,0.0,0.0,0.0,0.0,0.0,0.0,0.0,0.0,0.0,0.0,7.783999999999995
232,0.0,34.29,34,0,12.54,357,3.05,3.52,1009.41,2,283.5,0.0,0.0,16.09,1,0,0,0,0,0.0,0.0,0.0,0.0,0.0,0.0,0.0,0.0,0.0,0.0,0.0,0.0,0.0,0.0,5.058425000000001
233,0.0,33.54,34,0,12.33,358,3.17,3.61,1008.73,0,284.0,0.0,0.0,16.09,1,0,0,0,0,0.0,0.0,0.0,0.0,0.0,0.0,0.0,0.0,0.0,0.0,0.0,0.0,0.0,0.0,0.10437514705882353
234,0.0,31.9,32,0,13.72,2,3.1,3.75,1009.54,0,284.1,0.0,0.0,16.09,1,0,0,0,0,0.0,0.0,0.0,0.0,0.0,0.0,0.0,0.0,0.0,0.0,0.0,0.0,0.0,0.0,0.0660751213592233
235,0.0,29.58,30,0,15.13,6,2.78,3.95,1011.04,0,284.4,0.0,0.0,16.09,1,0,0,0,0,0.0,0.0,0.0,0.0,0.0,0.0,0.0,0.0,0.0,0.0,0.0,0.0,0.0,0.0,0.18782569869712457
236,0.0,27.78,28,0,14.66,8,2.41,4.12,1011.25,0,284.9,0.0,0.0,16.09,1,0,0,0,0,0.0,0.0,0.0,0.0,0.0,0.0,0.0,0.0,0.0,0.0,0.0,0.0,0.0,0.0,0.049101154811523
237,0.0,26.48,26,0,14.5,12,2.18,4.01,1011.4,0,284.5,0.0,0.0,16.09,1,0,0,0,0,0.0,0.0,0.0,0.0,0.0,0.0,0.0,0.0,0.0,0.0,0.0,0.0,0.0,0.0,0.018101033452299707
238,0.0,25.7,26,1,14.35,17,2.05,3.63,1011.31,0,283.3,0.0,0.0,16.09,1,0,0,0,0,0.0,0.0,0.0,0.0,0.0,0.0,0.0,0.0,0.0,0.0,0.0,0.0,0.0,0.0,0.10760122429199435
239,0.0,25.1,25,1,14.18,28,1.89,3.08,1011.11,0,281.4,0.0,0.0,16.09,1,0,0,0,0,0.0,0.0,0.0,0.0,0.0,0.0,0.0,0.0,0.0,0.0,0.0,0.0,0.0,0.0,0.08047622429199436
240,0.0,24.47,24,1,14.1,37,1.67,2.6,1010.78,0,279.9,0.0,0.0,16.09,1,0,0,0,0,0.0,0.0,0.0,0.0,0.0,0.0,0.0,0.0,0.0,0.0,0.0,0.0,0.0,0.0,0.027701285576863344
241,0.0,23.84,24,1,14.24,37,1.43,2.29,1010.37,0,279.3,0.0,0.0,16.09,1,0,0,0,0,0.0,0.0,0.0,0.0,0.0,0.0,0.0,0.0,0.0,0.0,0.0,0.0,0.0,0.0,0.01215106035163811
242,0.0,23.15,23,1,14.52,40,1.22,2.06,1010.0,0,278.8,0.0,0.0,16.09,1,0,0,0,0,0.0,0.0,0.0,0.0,0.0,0.0,0.0,0.0,0.0,0.0,0.0,0.0,0.0,0.0,0.0598255479825518
243,0.0,22.08,22,1,14.81,58,1.06,1.99,1010.06,0,279.0,0.0,0.0,16.09,1,0,0,0,0,0.0,0.0,0.0,0.0,0.0,0.0,0.0,0.0,0.0,0.0,0.0,0.0,0.0,0.0,0.05025035714285714
244,0.0,20.98,21,1,15.07,86,0.98,2.15,1010.12,0,279.9,0.0,0.0,16.09,1,0,0,0,0,0.0,0.0,0.0,0.0,0.0,0.0,0.0,0.0,0.0,0.0,0.0,0.0,0.0,0.0,0.41002535714285715
245,0.0,20.84,21,1,15.85,115,0.73,1.76,1010.21,0,280.8,0.0,0.0,16.09,1,0,0,0,0,0.0,0.0,0.0,0.0,0.0,0.0,0.0,0.0,0.0,0.0,0.0,0.0,0.0,0.0,0.571075
246,0.0,21.67,21,1,17.02,178,0.6,1.24,1010.9,0,281.4,0.0,0.0,16.09,1,0,0,0,0,0.0,0.0,0.0,0.0,0.0,0.0,0.0,0.0,0.0,0.0,0.0,0.0,0.0,0.0,0.20287500000000003
247,0.0,22.28,22,1,17.78,194,0.81,1.28,1011.85,0,282.0,0.0,0.0,16.09,1,0,0,0,0,0.0,0.0,0.0,0.0,0.0,0.0,0.0,0.0,0.0,0.0,0.0,0.0,0.0,0.0,0.067925
248,0.0,23.53,23,1,18.0,172,0.96,1.38,1012.27,1,282.4,0.0,0.0,16.09,1,0,0,0,0,0.0,0.0,0.0,0.0,0.0,0.0,0.0,0.0,0.0,0.0,0.0,0.0,0.0,0.0,4.419100000000001
249,0.0,25.6,25,1,17.83,146,0.97,1.66,1012.45,3,282.2,0.0,0.0,16.09,1,0,0,0,0,0.0,0.0,0.0,0.0,0.0,0.0,0.0,0.0,0.0,0.0,0.0,0.0,0.0,0.0,7.799599999999998
250,0.0,28.73,28,1,17.39,126,0.84,2.11,1012.26,5,281.3,0.0,0.0,16.09,1,0,0,0,0,0.0,0.0,0.0,0.0,0.0,0.0,0.0,0.0,0.0,0.0,0.0,0.0,0.0,0.0,10.057624999999998
251,0.0,31.01,31,0,16.88,134,0.78,2.73,1012.15,7,281.9,0.0,0.0,16.09,1,0,0,0,0,0.0,0.0,0.0,0.0,0.0,0.0,0.0,0.0,0.0,0.0,0.0,0.0,0.0,0.0,12.429774999999992
252,0.0,32.42,32,0,15.99,103,0.94,3.18,1011.76,8,282.6,0.0,0.0,16.09,1,0,0,0,0,0.0,0.0,0.0,0.0,0.0,0.0,0.0,0.0,0.0,0.0,0.0,0.0,0.0,0.0,12.880625000000002
253,0.0,33.45,33,0,14.61,47,1.33,3.26,1010.69,7,281.8,0.0,0.0,16.09,1,0,0,0,0,0.0,0.0,0.0,0.0,0.0,0.0,0.0,0.0,0.0,0.0,0.0,0.0,0.0,0.0,12.798774999999992
254,0.0,34.01,34,0,12.99,17,1.79,3.27,1009.7,6,281.1,0.0,0.0,16.09,1,0,0,0,0,0.0,0.0,0.0,0.0,0.0,0.0,0.0,0.0,0.0,0.0,0.0,0.0,0.0,0.0,11.581949999999997
255,0.0,34.38,34,0,11.46,7,2.17,3.25,1008.99,4,280.9,0.0,0.0,16.09,1,0,0,0,0,0.0,0.0,0.0,0.0,0.0,0.0,0.0,0.0,0.0,0.0,0.0,0.0,0.0,0.0,7.446974999999998
256,0.0,34.58,35,0,10.28,6,2.51,3.18,1008.42,2,281.6,0.0,0.0,16.09,1,0,0,0,0,0.0,0.0,0.0,0.0,0.0,0.0,0.0,0.0,0.0,0.0,0.0,0.0,0.0,0.0,4.1568249999999995
257,0.0,33.5,34,0,11.81,20,2.66,3.15,1008.52,0,281.5,0.0,0.0,16.09,1,0,0,0,0,0.0,0.0,0.0,0.0,0.0,0.0,0.0,0.0,0.0,0.0,0.0,0.0,0.0,0.0,0.037000121359223294
258,0.0,31.9,32,0,13.83,35,2.61,3.22,1009.16,0,280.8,0.0,0.0,16.09,1,0,0,0,0,0.0,0.0,0.0,0.0,0.0,0.0,0.0,0.0,0.0,0.0,0.0,0.0,0.0,0.0,0.015975121359223302
259,0.0,30.01,30,0,13.46,39,2.48,3.35,1009.72,0,280.1,0.0,0.0,16.09,1,0,0,0,0,0.0,0.0,0.0,0.0,0.0,0.0,0.0,0.0,0.0,0.0,0.0,0.0,0.0,0.0,0.050800970942790756
260,0.0,27.95,28,0,13.25,46,2.32,3.52,1010.32,0,279.3,0.0,0.0,16.09,1,0,0,0,0,0.0,0.0,0.0,0.0,0.0,0.0,0.0,0.0,0.0,0.0,0.0,0.0,0.0,0.0,0.06562673793876614
261,0.0,26.59,27,0,13.3,55,2.21,3.65,1010.46,0,278.9,0.0,0.0,16.09,1,0,0,0,0,0.0,0.0,0.0,0.0,0.0,0.0,0.0,0.0,0.0,0.0,0.0,0.0,0.0,0.0,0.09177673793876615
262,0.0,25.76,26,0,13.52,65,2.13,3.74,1010.28,0,279.0,0.0,0.0,16.09,1,0,0,0,0,0.0,0.0,0.0,0.0,0.0,0.0,0.0,0.0,0.0,0.0,0.0,0.0,0.0,0.0,0.048551768522050544
263,0.0,25.2,25,0,13.57,77,2.09,3.8,1009.95,0,279.1,0.0,0.0,16.09,1,0,0,0,0,0.0,0.0,0.0,0.0,0.0,0.0,0.0,0.0,0.0,0.0,0.0,0.0,0.0,0.0,0.034976768522050554
264,0.0,24.61,25,1,13.64,92,2.07,3.86,1010.1,0,279.3,0.0,0.0,16.09,1,0,0,0,0,0.0,0.0,0.0,0.0,0.0,0.0,0.0,0.0,0.0,0.0,0.0,0.0,0.0,0.0,0.05320119118414926
265,0.0,23.94,24,1,14.03,108,2.05,3.94,1010.15,0,279.2,0.0,0.0,16.09,1,0,0,0,0,0.0,0.0,0.0,0.0,0.0,0.0,0.0,0.0,0.0,0.0,0.0,0.0,0.0,0.0,0.17522500000000002
266,0.0,23.18,23,1,14.49,124,2.03,3.99,1010.13,0,279.1,0.0,0.0,16.09,1,0,0,0,0,0.0,0.0,0.0,0.0,0.0,0.0,0.0,0.0,0.0,0.0,0.0,0.0,0.0,0.0,0.055975000000000004
267,0.0,22.14,22,1,14.9,134,2.0,3.93,1010.27,0,278.8,0.0,0.0,16.09,1,0,0,0,0,0.0,0.0,0.0,0.0,0.0,0.0,0.0,0.0,0.0,0.0,0.0,0.0,0.0,0.0,0.044924999999999986
268,0.0,21.14,21,1,15.26,139,1.95,3.74,1010.44,0,278.4,0.01,0.01,16.09,1,0,0,0,0,0.0,0.0,0.0,0.0,0.0,0.0,0.0,0.0,0.0,0.0,0.0,0.0,0.0,0.0,0.10005000000000001
269,0.0,21.12,21,1,15.43,141,1.91,3.61,1010.85,0,278.1,0.01,0.01,16.09,1,0,0,0,0,0.0,0.0,0.0,0.0,0.0,0.0,0.0,0.0,0.0,0.0,0.0,0.0,0.0,0.0,0.2643
270,0.0,22.27,22,1,16.4,157,1.87,3.37,1011.43,0,277.5,0.01,0.01,16.09,1,0,0,0,0,0.0,0.0,0.0,0.0,0.0,0.0,0.0,0.0,0.0,0.0,0.0,0.0,0.0,0.0,0.7266000000000004
271,0.0,23.32,23,1,17.58,171,2.01,3.42,1012.13,0,277.1,0.01,0.01,16.09,1,0,0,0,0,0.0,0.0,0.0,0.0,0.0,0.0,0.0,0.0,0.0,0.0,0.0,0.0,0.0,0.0,0.9358000000000003
272,0.0,24.87,25,1,17.76,173,2.25,3.78,1012.72,1,277.3,0.01,0.01,16.09,1,0,0,0,0,0.0,0.0,0.0,0.0,0.0,0.0,0.0,0.0,0.0,0.0,0.0,0.0,0.0,0.0,4.142900000000003
273,0.0,27.66,27,1,17.46,184,2.21,3.63,1013.03,3,277.0,0.01,0.01,16.09,1,0,0,0,0,0.0,0.0,0.0,0.0,0.0,0.0,0.0,0.0,0.0,0.0,0.0,0.0,0.0,0.0,8.421175000000003
274,0.0,29.88,30,0,16.76,205,1.87,3.01,1012.87,5,276.1,0.0,0.0,16.09,1,0,0,0,0,0.0,0.0,0.0,0.0,0.0,0.0,0.0,0.0,0.0,0.0,0.0,0.0,0.0,0.0,11.427549999999998
275,0.0,32.08,32,0,15.88,211,1.56,2.47,1012.71,7,276.1,0.0,0.0,16.09,1,0,0,0,0,0.0,0.0,0.0,0.0,0.0,0.0,0.0,0.0,0.0,0.0,0.0,0.0,0.0,0.0,12.680049999999996
276,0.0,33.84,34,0,14.96,163,1.63,2.33,1012.53,8,276.6,0.0,0.0,16.09,1,0,0,0,0,0.0,0.0,0.0,0.0,0.0,0.0,0.0,0.0,0.0,0.0,0.0,0.0,0.0,0.0,12.808250000000001
277,0.0,34.85,35,0,14.02,79,2.13,2.46,1011.55,7,276.5,0.03,0.01,16.09,1,0,0,0,0,0.0,0.0,0.0,0.0,0.0,0.0,0.0,0.0,0.0,0.0,0.0,0.0,0.0,0.0,11.718549999999995
278,0.01,34.8,35,0,13.24,1,2.61,2.7,1010.48,6,276.6,0.08,0.01,16.09,1,0,0,0,0,0.0,0.0,0.0,0.0,0.0,0.0,0.0,0.0,0.0,0.0,0.0,0.0,0.0,0.0,10.106624999999998
279,0.01,34.47,34,0,12.65,317,2.83,2.87,1009.89,4,276.8,0.08,0.01,16.09,1,0,0,0,0,0.0,0.0,0.0,0.0,0.0,0.0,0.0,0.0,0.0,0.0,0.0,0.0,0.0,0.0,7.664999999999996
280,0.01,34.77,35,0,12.49,313,2.84,3.01,1009.78,2,277.1,0.03,0.01,16.09,1,0,0,0,0,0.0,0.0,0.0,0.0,0.0,0.0,0.0,0.0,0.0,0.0,0.0,0.0,0.0,0.0,4.922650000000001
281,0.01,34.32,34,0,12.3,322,2.68,3.08,1009.83,0,277.4,0.0,0.0,16.09,1,0,0,0,0,0.0,0.0,0.0,0.0,0.0,0.0,0.0,0.0,0.0,0.0,0.0,0.0,0.0,0.0,0.18760014705882352
282,0.0,32.79,33,0,14.08,359,2.56,2.79,1010.44,0,277.5,0.0,0.0,16.09,1,0,0,0,0,0.0,0.0,0.0,0.0,0.0,0.0,0.0,0.0,0.0,0.0,0.0,0.0,0.0,0.0,0.03747500000000001
283,0.0,30.68,31,0,15.61,39,2.0,2.0,1011.14,0,277.5,0.0,0.0,16.09,1,0,0,0,0,0.0,0.0,0.0,0.0,0.0,0.0,0.0,0.0,0.0,0.0,0.0,0.0,0.0,0.0,0.30677499999999996
284,0.0,28.94,29,0,14.82,64,1.14,1.53,1011.42,0,277.3,0.0,0.0,16.09,1,0,0,0,0,0.0,0.0,0.0,0.0,0.0,0.0,0.0,0.0,0.0,0.0,0.0,0.0,0.0,0.0,0.5324753571428572
285,0.0,27.78,28,0,14.72,95,1.05,2.7,1011.86,0,276.8,0.0,0.0,16.09,1,0,0,0,0,0.0,0.0,0.0,0.0,0.0,0.0,0.0,0.0,0.0,0.0,0.0,0.0,0.0,0.0,0.4591750000000001
286,0.0,27.27,27,0,15.04,124,1.7,5.35,1012.27,0,275.7,0.01,0.01,16.09,1,0,0,0,0,0.0,0.0,0.0,0.0,0.0,0.0,0.0,0.0,0.0,0.0,0.0,0.0,0.0,0.0,0.396025
287,0.0,26.51,26,1,15.34,136,2.44,6.94,1012.04,0,275.1,0.0,0.0,16.09,1,0,0,0,0,0.0,0.0,0.0,0.0,0.0,0.0,0.0,0.0,0.0,0.0,0.0,0.0,0.0,0.0,0.23255000000000003
288,0.0,26.12,26,1,16.72,134,2.68,6.82,1011.69,0,275.3,0.0,0.0,16.09,1,0,0,0,0,0.0,0.0,0.0,0.0,0.0,0.0,0.0,0.0,0.0,0.0,0.0,0.0,0.0,0.0,0.2002
289,0.0,25.42,25,1,16.97,115,2.44,6.14,1011.33,0,276.3,0.0,0.0,16.09,1,0,0,0,0,0.0,0.0,0.0,0.0,0.0,0.0,0.0,0.0,0.0,0.0,0.0,0.0,0.0,0.0,0.080975
290,0.0,24.63,24,1,17.19,94,2.09,5.15,1011.0,0,277.4,0.0,0.0,16.09,1,0,0,0,0,0.0,0.0,0.0,0.0,0.0,0.0,0.0,0.0,0.0,0.0,0.0,0.0,0.0,0.0,0.010225000000000001
291,0.0,23.54,23,1,17.3,96,1.95,4.75,1010.89,0,277.8,0.0,0.0,16.09,1,0,0,0,0,0.0,0.0,0.0,0.0,0.0,0.0,0.0,0.0,0.0,0.0,0.0,0.0,0.0,0.0,0.11492500000000003
292,0.0,22.54,22,1,17.27,117,2.0,4.89,1010.87,0,277.6,0.0,0.0,16.09,1,0,0,0,0,0.0,0.0,0.0,0.0,0.0,0.0,0.0,0.0,0.0,0.0,0.0,0.0,0.0,0.0,0.195025
293,0.0,22.52,22,1,17.08,165,2.12,5.23,1010.93,0,277.1,0.0,0.0,16.09,1,0,0,0,0,0.0,0.0,0.0,0.0,0.0,0.0,0.0,0.0,0.0,0.0,0.0,0.0,0.0,0.0,0.12350000000000001
294,0.01,23.26,23,1,17.86,81,1.95,4.36,1011.44,0,277.1,0.0,0.0,16.09,1,0,0,0,0,0.0,0.0,0.0,0.0,0.0,0.0,0.0,0.0,0.0,0.0,0.0,0.0,0.0,0.0,0.067825
295,0.05,23.91,24,1,18.75,24,1.66,3.4,1012.22,0,277.1,0.0,0.0,16.09,1,0,0,0,0,0.0,0.0,0.0,0.0,0.0,0.0,0.0,0.0,0.0,0.0,0.0,0.0,0.0,0.0,0.10720073759431155
296,0.08,25.23,25,1,18.8,41,1.54,3.48,1012.78,1,277.0,0.0,0.0,16.09,1,0,0,0,0,0.0,0.0,0.0,0.0,0.0,0.0,0.0,0.0,0.0,0.0,0.0,0.0,0.0,0.0,4.6817500000000045
297,0.09,28.06,27,1,18.39,50,1.35,3.16,1013.03,3,277.2,0.0,0.0,16.09,1,0,0,0,0,0.0,0.0,0.0,0.0,0.0,0.0,0.0,0.0,0.0,0.0,0.0,0.0,0.0,0.0,8.735274999999998
298,0.08,30.26,30,0,17.57,351,1.1,2.57,1013.21,5,277.5,0.0,0.0,16.09,1,0,0,0,0,0.0,0.0,0.0,0.0,0.0,0.0,0.0,0.0,0.0,0.0,0.0,0.0,0.0,0.0,10.138575000000001
299,0.06,32.31,32,0,16.62,305,0.94,1.83,1013.09,7,278.7,0.0,0.0,16.09,1,0,0,0,0,0.0,0.0,0.0,0.0,0.0,0.0,0.0,0.0,0.0,0.0,0.0,0.0,0.0,0.0,12.366700000000003
300,0.04,33.8,34,0,15.64,331,1.24,1.6,1012.61,8,279.6,0.0,0.0,16.09,1,0,0,0,0,0.0,0.0,0.0,0.0,0.0,0.0,0.0,0.0,0.0,0.0,0.0,0.0,0.0,0.0,13.919400000000001
301,0.02,34.82,35,0,14.18,3,2.08,2.18,1011.58,7,279.0,0.0,0.0,16.09,1,0,0,0,0,0.0,0.0,0.0,0.0,0.0,0.0,0.0,0.0,0.0,0.0,0.0,0.0,0.0,0.0,12.192399999999997
302,0.01,35.25,35,0,12.6,352,2.88,2.89,1010.58,6,278.5,0.0,0.0,16.09,1,0,0,0,0,0.0,0.0,0.0,0.0,0.0,0.0,0.0,0.0,0.0,0.0,0.0,0.0,0.0,0.0,10.451325000000006
303,0.0,35.39,35,0,11.57,336,3.23,3.23,1009.97,4,278.4,0.0,0.0,16.09,1,0,0,0,0,0.0,0.0,0.0,0.0,0.0,0.0,0.0,0.0,0.0,0.0,0.0,0.0,0.0,0.0,6.662475000000001
304,0.0,35.79,36,0,11.38,341,3.17,3.17,1009.41,2,278.8,0.0,0.0,16.09,1,0,0,0,0,0.0,0.0,0.0,0.0,0.0,0.0,0.0,0.0,0.0,0.0,0.0,0.0,0.0,0.0,4.524975000000002
305,0.0,35.35,35,0,11.5,350,2.98,2.98,1008.89,0,279.3,0.0,0.0,16.09,1,0,0,0,0,0.0,0.0,0.0,0.0,0.0,0.0,0.0,0.0,0.0,0.0,0.0,0.0,0.0,0.0,0.04902514705882352
306,0.09,33.47,33,0,13.2,4,2.9,2.9,1009.74,0,278.6,0.0,0.0,16.09,1,0,0,0,0,0.0,0.0,0.0,0.0,0.0,0.0,0.0,0.0,0.0,0.0,0.0,0.0,0.0,0.0,0.0648501213592233
307,0.31,31.04,31,0,14.82,20,2.82,3.54,1010.87,0,277.5,0.0,0.0,16.09,0,0,0,0,1,0.0,0.0,0.0,0.0,0.0,0.0,0.0,0.0,0.0,0.0,0.0,0.0,0.0,0.0,0.04697547347189936
308,0.52,29.23,29,0,14.41,33,2.68,4.68,1011.37,0,276.9,0.0,0.0,16.09,0,0,1,0,0,0.0,0.0,0.0,0.0,0.0,0.0,0.0,0.0,0.0,0.0,0.0,0.0,0.0,0.0,0.05377580269884695
309,0.58,27.94,28,0,14.35,48,2.57,5.08,1011.98,0,276.2,0.0,0.0,16.09,0,0,1,0,0,0.0,0.0,0.0,0.0,0.0,0.0,0.0,0.0,0.0,0.0,0.0,0.0,0.0,0.0,0.02997557747362172
310,0.52,27.25,27,0,14.53,63,2.45,4.68,1012.41,0,275.3,0.0,0.0,16.09,0,0,1,0,0,0.0,0.0,0.0,0.0,0.0,0.0,0.0,0.0,0.0,0.0,0.0,0.0,0.0,0.0,0.0878006424424367
311,0.42,26.38,26,0,14.44,74,2.3,3.98,1012.79,0,274.7,0.0,0.0,16.09,0,0,0,0,1,0.0,0.0,0.0,0.0,0.0,0.0,0.0,0.0,0.0,0.0,0.0,0.0,0.0,0.0,0.03352587319588944
312,0.32,25.77,26,0,14.28,79,2.16,3.59,1012.37,0,274.3,0.0,0.0,16.09,0,0,0,0,1,0.0,0.0,0.0,0.0,0.0,0.0,0.0,0.0,0.0,0.0,0.0,0.0,0.0,0.0,0.14902606403558413
313,0.21,25.15,25,1,14.46,81,2.07,3.6,1011.96,0,273.7,0.0,0.0,16.09,0,0,0,0,1,0.0,0.0,0.0,0.0,0.0,0.0,0.0,0.0,0.0,0.0,0.0,0.0,0.0,0.0,0.025300486697682825
314,0.11,24.54,25,1,14.67,85,1.98,3.59,1011.38,0,273.2,0.0,0.0,16.09,1,0,0,0,0,0.0,0.0,0.0,0.0,0.0,0.0,0.0,0.0,0.0,0.0,0.0,0.0,0.0,0.0,0.2976004866976828
315,0.11,23.71,24,1,14.9,102,1.85,3.29,1011.06,0,272.6,0.0,0.0,16.09,1,0,0,0,0,0.0,0.0,0.0,0.0,0.0,0.0,0.0,0.0,0.0,0.0,0.0,0.0,0.0,0.0,0.3302750000000001
316,0.2,22.72,23,1,15.05,134,1.71,2.67,1011.35,0,272.2,0.0,0.0,16.09,0,0,0,0,1,0.0,0.0,0.0,0.0,0.0,0.0,0.0,0.0,0.0,0.0,0.0,0.0,0.0,0.0,0.5075999999999999
317,0.31,22.75,23,1,15.57,145,1.3,2.11,1012.1,0,271.8,0.0,0.0,16.09,0,0,0,0,1,0.0,0.0,0.0,0.0,0.0,0.0,0.0,0.0,0.0,0.0,0.0,0.0,0.0,0.0,0.515925
318,0.48,23.61,24,1,16.15,132,1.09,2.14,1012.73,0,271.8,0.0,0.0,16.09,0,0,0,0,1,0.0,0.0,0.0,0.0,0.0,0.0,0.0,0.0,0.0,0.0,0.0,0.0,0.0,0.0,0.48352500000000004
319,0.73,24.33,24,1,16.47,128,1.43,2.84,1012.94,0,272.6,0.0,0.0,16.09,0,0,1,0,0,0.0,0.0,0.0,0.0,0.0,0.0,0.0,0.0,0.0,0.0,0.0,0.0,0.0,0.0,0.5946750000000002
320,0.94,25.67,26,1,16.75,121,1.77,3.53,1013.13,1,273.5,0.0,0.0,16.09,0,0,0,1,0,0.0,0.0,0.0,0.0,0.0,0.0,0.0,0.0,0.0,0.0,0.0,0.0,0.0,0.0,5.348200000000004
321,1.0,28.06,28,1,16.52,122,1.9,3.54,1013.49,2,274.2,0.0,0.0,16.09,0,0,0,1,0,0.0,0.0,0.0,0.0,0.0,0.0,0.0,0.0,0.0,0.0,0.0,0.0,0.0,0.0,6.317800000000002
322,0.94,30.12,30,0,15.87,131,1.83,2.89,1013.52,3,274.6,0.0,0.0,16.09,0,0,0,1,0,0.0,0.0,0.0,0.0,0.0,0.0,0.0,0.0,0.0,0.0,0.0,0.0,0.0,0.0,11.390750000000002
323,0.8,32.49,32,0,15.37,124,1.71,2.02,1013.47,5,276.2,0.0,0.0,16.09,0,0,1,0,0,0.0,0.0,0.0,0.0,0.0,0.0,0.0,0.0,0.0,0.0,0.0,0.0,0.0,0.0,11.46205
324,0.61,34.01,34,0,14.76,92,1.76,1.76,1013.04,6,277.8,0.0,0.0,16.09,0,0,1,0,0,0.0,0.0,0.0,0.0,0.0,0.0,0.0,0.0,0.0,0.0,0.0,0.0,0.0,0.0,13.780200000000004
325,0.34,34.94,35,0,13.62,46,2.01,2.04,1012.06,6,277.9,0.0,0.0,16.09,0,0,0,0,1,0.0,0.0,0.0,0.0,0.0,0.0,0.0,0.0,0.0,0.0,0.0,0.0,0.0,0.0,13.095475
326,0.08,35.36,35,0,12.48,3,2.28,2.41,1011.04,6,277.9,0.0,0.0,16.09,1,0,0,0,0,0.0,0.0,0.0,0.0,0.0,0.0,0.0,0.0,0.0,0.0,0.0,0.0,0.0,0.0,11.726625000000004
327,0.0,35.56,36,0,11.69,345,2.42,2.58,1010.31,4,277.8,0.0,0.0,16.09,1,0,0,0,0,0.0,0.0,0.0,0.0,0.0,0.0,0.0,0.0,0.0,0.0,0.0,0.0,0.0,0.0,7.023999999999998
328,0.0,35.5,36,0,11.62,352,2.46,2.6,1009.86,2,277.5,0.0,0.0,16.09,1,0,0,0,0,0.0,0.0,0.0,0.0,0.0,0.0,0.0,0.0,0.0,0.0,0.0,0.0,0.0,0.0,4.971825000000001
329,0.0,34.71,35,0,11.74,7,2.49,2.65,1009.61,0,277.2,0.0,0.0,16.09,1,0,0,0,0,0.0,0.0,0.0,0.0,0.0,0.0,0.0,0.0,0.0,0.0,0.0,0.0,0.0,0.0,0.21120012135922336
330,0.0,33.53,34,0,12.76,23,2.47,2.61,1010.19,0,276.3,0.0,0.0,16.09,1,0,0,0,0,0.0,0.0,0.0,0.0,0.0,0.0,0.0,0.0,0.0,0.0,0.0,0.0,0.0,0.0,0.037599999999999995
331,0.0,31.71,32,0,13.74,37,2.54,2.81,1011.07,0,275.7,0.0,0.0,16.09,1,0,0,0,0,0.0,0.0,0.0,0.0,0.0,0.0,0.0,0.0,0.0,0.0,0.0,0.0,0.0,0.0,0.1596251213592233
332,0.0,29.91,30,0,13.37,48,2.74,3.4,1011.5,0,276.0,0.0,0.0,16.09,1,0,0,0,0,0.0,0.0,0.0,0.0,0.0,0.0,0.0,0.0,0.0,0.0,0.0,0.0,0.0,0.0,0.049550970942790755
333,0.0,28.54,29,0,13.5,62,2.9,4.36,1012.13,0,275.6,0.0,0.0,16.09,1,0,0,0,0,0.0,0.0,0.0,0.0,0.0,0.0,0.0,0.0,0.0,0.0,0.0,0.0,0.0,0.0,0.03505121982899155
334,0.0,27.57,28,0,14.15,78,3.04,5.75,1012.36,0,274.8,0.0,0.0,16.09,1,0,0,0,0,0.0,0.0,0.0,0.0,0.0,0.0,0.0,0.0,0.0,0.0,0.0,0.0,0.0,0.0,0.0024504172172114666
335,0.0,26.69,27,0,14.78,94,3.2,7.09,1012.58,0,273.3,0.0,0.0,16.09,1,0,0,0,0,0.0,0.0,0.0,0.0,0.0,0.0,0.0,0.0,0.0,0.0,0.0,0.0,0.0,0.0,0.05457512135922331
336,0.0,25.95,26,1,15.1,109,3.17,7.34,1012.76,0,272.3,0.0,0.0,16.09,1,0,0,0,0,0.0,0.0,0.0,0.0,0.0,0.0,0.0,0.0,0.0,0.0,0.0,0.0,0.0,0.0,0.061325000000000005
337,0.0,25.32,25,1,15.29,126,2.84,6.27,1012.22,0,272.3,0.0,0.0,16.09,1,0,0,0,0,0.0,0.0,0.0,0.0,0.0,0.0,0.0,0.0,0.0,0.0,0.0,0.0,0.0,0.0,0.21920000000000006
338,0.0,24.69,25,1,15.41,137,2.46,4.99,1011.59,0,272.5,0.0,0.0,16.09,1,0,0,0,0,0.0,0.0,0.0,0.0,0.0,0.0,0.0,0.0,0.0,0.0,0.0,0.0,0.0,0.0,0.24904999999999997
339,0.0,23.8,24,1,15.46,125,2.2,4.2,1011.33,0,272.6,0.0,0.0,16.09,1,0,0,0,0,0.0,0.0,0.0,0.0,0.0,0.0,0.0,0.0,0.0,0.0,0.0,0.0,0.0,0.0,0.28725
340,0.0,22.76,23,1,15.4,93,2.03,3.87,1011.37,0,272.5,0.0,0.0,16.09,1,0,0,0,0,0.0,0.0,0.0,0.0,0.0,0.0,0.0,0.0,0.0,0.0,0.0,0.0,0.0,0.0,0.108825
341,0.0,22.1,22,1,15.38,52,1.9,3.66,1011.52,0,273.1,0.0,0.0,16.09,1,0,0,0,0,0.0,0.0,0.0,0.0,0.0,0.0,0.0,0.0,0.0,0.0,0.0,0.0,0.0,0.0,0.036375737594311536
342,0.0,23.14,23,1,16.19,56,1.86,3.44,1011.96,0,273.2,0.0,0.0,16.09,1,0,0,0,0,0.0,0.0,0.0,0.0,0.0,0.0,0.0,0.0,0.0,0.0,0.0,0.0,0.0,0.0,0.08992573759431155
343,0.0,24.61,24,1,17.17,94,1.97,3.69,1012.71,0,273.0,0.0,0.0,16.09,1,0,0,0,0,0.0,0.0,0.0,0.0,0.0,0.0,0.0,0.0,0.0,0.0,0.0,0.0,0.0,0.0,0.2532000000000001
344,0.0,25.73,26,1,17.43,121,2.12,4.23,1013.38,1,273.4,0.0,0.0,16.09,1,0,0,0,0,0.0,0.0,0.0,0.0,0.0,0.0,0.0,0.0,0.0,0.0,0.0,0.0,0.0,0.0,4.689125000000003
345,0.0,28.27,28,1,17.03,155,2.1,4.19,1013.71,3,273.2,0.0,0.0,16.09,1,0,0,0,0,0.0,0.0,0.0,0.0,0.0,0.0,0.0,0.0,0.0,0.0,0.0,0.0,0.0,0.0,9.559774999999997
346,0.0,30.51,31,0,15.98,198,1.93,3.61,1013.8,5,272.4,0.0,0.0,16.09,1,0,0,0,0,0.0,0.0,0.0,0.0,0.0,0.0,0.0,0.0,0.0,0.0,0.0,0.0,0.0,0.0,10.855149999999998
347,0.0,33.25,33,0,14.79,225,1.77,2.99,1013.92,7,273.0,0.0,0.0,16.09,1,0,0,0,0,0.0,0.0,0.0,0.0,0.0,0.0,0.0,0.0,0.0,0.0,0.0,0.0,0.0,0.0,12.348624999999991
348,0.0,35.01,35,0,13.41,185,1.75,2.41,1013.55,8,274.2,0.0,0.0,16.09,1,0,0,0,0,0.0,0.0,0.0,0.0,0.0,0.0,0.0,0.0,0.0,0.0,0.0,0.0,0.0,0.0,12.018800000000004
349,0.0,35.85,36,0,11.56,94,1.85,1.98,1012.57,7,274.0,0.0,0.0,16.09,1,0,0,0,0,0.0,0.0,0.0,0.0,0.0,0.0,0.0,0.0,0.0,0.0,0.0,0.0,0.0,0.0,11.42805
350,0.0,35.75,36,0,9.88,6,1.96,1.96,1011.71,6,274.0,0.0,0.0,16.09,1,0,0,0,0,0.0,0.0,0.0,0.0,0.0,0.0,0.0,0.0,0.0,0.0,0.0,0.0,0.0,0.0,10.648550000000002
351,0.0,35.43,35,0,8.79,321,2.02,2.02,1011.17,4,274.1,0.0,0.0,16.09,1,0,0,0,0,0.0,0.0,0.0,0.0,0.0,0.0,0.0,0.0,0.0,0.0,0.0,0.0,0.0,0.0,6.960374999999999
352,0.0,35.66,36,0,8.36,333,2.06,2.14,1010.98,2,274.5,0.0,0.0,16.09,1,0,0,0,0,0.0,0.0,0.0,0.0,0.0,0.0,0.0,0.0,0.0,0.0,0.0,0.0,0.0,0.0,4.311900000000001
353,0.0,35.19,35,0,8.2,1,2.07,2.35,1011.13,0,274.7,0.0,0.0,16.09,1,0,0,0,0,0.0,0.0,0.0,0.0,0.0,0.0,0.0,0.0,0.0,0.0,0.0,0.0,0.0,0.0,0.10844999999999998
354,0.0,33.89,34,0,9.86,33,2.16,2.76,1011.58,0,274.1,0.0,0.0,16.09,1,0,0,0,0,0.0,0.0,0.0,0.0,0.0,0.0,0.0,0.0,0.0,0.0,0.0,0.0,0.0,0.0,0.09712499999999996
355,0.0,31.85,32,0,11.53,58,2.12,3.16,1011.95,0,273.1,0.0,0.0,16.09,1,0,0,0,0,0.0,0.0,0.0,0.0,0.0,0.0,0.0,0.0,0.0,0.0,0.0,0.0,0.0,0.0,0.09374999999999999
356,0.0,29.77,30,0,11.36,66,1.94,3.47,1011.94,0,272.3,0.0,0.0,16.09,1,0,0,0,0,0.0,0.0,0.0,0.0,0.0,0.0,0.0,0.0,0.0,0.0,0.0,0.0,0.0,0.0,0.28327584958356744
357,0.0,28.25,28,0,11.78,65,1.89,4.28,1011.98,0,271.6,0.0,0.0,16.09,1,0,0,0,0,0.0,0.0,0.0,0.0,0.0,0.0,0.0,0.0,0.0,0.0,0.0,0.0,0.0,0.0,0.016201535063751698
358,0.0,27.2,27,0,12.72,37,1.95,5.59,1012.21,0,271.1,0.0,0.0,16.09,1,0,0,0,0,0.0,0.0,0.0,0.0,0.0,0.0,0.0,0.0,0.0,0.0,0.0,0.0,0.0,0.0,0.016276254577695347
359,0.0,26.2,26,0,13.69,325,2.05,6.83,1012.45,0,270.5,0.0,0.0,16.09,1,0,0,0,0,0.0,0.0,0.0,0.0,0.0,0.0,0.0,0.0,0.0,0.0,0.0,0.0,0.0,0.0,0.19342557894736842
360,0.0,25.34,25,0,13.88,347,2.14,7.12,1012.66,0,270.3,0.0,0.0,16.09,1,0,0,0,0,0.0,0.0,0.0,0.0,0.0,0.0,0.0,0.0,0.0,0.0,0.0,0.0,0.0,0.0,0.25300076978706304
361,0.0,24.67,25,1,14.54,47,2.18,6.37,1012.37,0,270.5,0.0,0.0,16.09,1,0,0,0,0,0.0,0.0,0.0,0.0,0.0,0.0,0.0,0.0,0.0,0.0,0.0,0.0,0.0,0.0,0.0006260469540930785
362,0.0,23.95,24,1,15.0,69,2.21,5.41,1012.16,0,270.9,0.0,0.0,16.09,1,0,0,0,0,0.0,0.0,0.0,0.0,0.0,0.0,0.0,0.0,0.0,0.0,0.0,0.0,0.0,0.0,0.0068754
363,0.0,23.06,23,1,15.24,80,2.25,4.79,1012.11,0,271.7,0.0,0.0,16.09,1,0,0,0,0,0.0,0.0,0.0,0.0,0.0,0.0,0.0,0.0,0.0,0.0,0.0,0.0,0.0,0.0,6.252252252252253e-07
364,0.0,22.29,22,1,15.18,87,2.34,4.5,1012.51,0,272.8,0.0,0.0,16.09,1,0,0,0,0,0.0,0.0,0.0,0.0,0.0,0.0,0.0,0.0,0.0,0.0,0.0,0.0,0.0,0.0,0.294175
365,0.0,22.01,22,1,15.77,85,2.24,3.95,1013.26,0,274.3,0.0,0.0,16.09,1,0,0,0,0,0.0,0.0,0.0,0.0,0.0,0.0,0.0,0.0,0.0,0.0,0.0,0.0,0.0,0.0,0.6637250000000003
366,0.0,22.73,23,1,16.57,130,2.04,3.89,1013.87,0,275.3,0.0,0.0,16.09,1,0,0,0,0,0.0,0.0,0.0,0.0,0.0,0.0,0.0,0.0,0.0,0.0,0.0,0.0,0.0,0.0,0.5276750000000001
367,0.0,23.6,23,1,16.91,159,2.29,4.86,1014.18,0,275.4,0.0,0.0,16.09,1,0,0,0,0,0.0,0.0,0.0,0.0,0.0,0.0,0.0,0.0,0.0,0.0,0.0,0.0,0.0,0.0,0.4626000000000001
368,0.0,24.79,25,1,17.02,127,2.75,5.68,1014.4,1,275.2,0.0,0.0,16.09,1,0,0,0,0,0.0,0.0,0.0,0.0,0.0,0.0,0.0,0.0,0.0,0.0,0.0,0.0,0.0,0.0,5.235950000000002
369,0.0,27.54,27,1,16.73,118,2.77,5.38,1014.68,3,275.1,0.0,0.0,16.09,1,0,0,0,0,0.0,0.0,0.0,0.0,0.0,0.0,0.0,0.0,0.0,0.0,0.0,0.0,0.0,0.0,8.760774999999997
370,0.0,30.07,30,0,16.24,131,2.46,3.93,1014.52,5,275.0,0.0,0.0,16.09,1,0,0,0,0,0.0,0.0,0.0,0.0,0.0,0.0,0.0,0.0,0.0,0.0,0.0,0.0,0.0,0.0,10.194175
371,0.0,33.02,33,0,15.67,145,2.21,2.63,1014.19,7,275.6,0.0,0.0,16.09,1,0,0,0,0,0.0,0.0,0.0,0.0,0.0,0.0,0.0,0.0,0.0,0.0,0.0,0.0,0.0,0.0,13.432299999999989
372,0.0,34.98,35,0,14.85,125,2.12,2.15,1013.71,8,276.0,0.0,0.0,16.09,1,0,0,0,0,0.0,0.0,0.0,0.0,0.0,0.0,0.0,0.0,0.0,0.0,0.0,0.0,0.0,0.0,12.2215
373,0.0,35.85,36,0,13.57,70,2.06,2.06,1012.65,7,275.3,0.0,0.0,16.09,1,0,0,0,0,0.0,0.0,0.0,0.0,0.0,0.0,0.0,0.0,0.0,0.0,0.0,0.0,0.0,0.0,12.602649999999999
374,0.0,35.75,36,0,12.27,16,2.02,2.02,1011.51,6,274.6,0.01,0.01,16.09,1,0,0,0,0,0.0,0.0,0.0,0.0,0.0,0.0,0.0,0.0,0.0,0.0,0.0,0.0,0.0,0.0,11.1039
375,0.0,35.47,35,0,11.44,351,2.06,2.06,1010.81,4,274.5,0.01,0.01,16.09,1,0,0,0,0,0.0,0.0,0.0,0.0,0.0,0.0,0.0,0.0,0.0,0.0,0.0,0.0,0.0,0.0,6.935649999999998
376,0.0,35.73,36,0,11.25,0,2.19,2.2,1010.51,2,274.7,0.0,0.0,16.09,1,0,0,0,0,0.0,0.0,0.0,0.0,0.0,0.0,0.0,0.0,0.0,0.0,0.0,0.0,0.0,0.0,4.637575000000001
377,0.0,35.31,35,0,11.09,18,2.3,2.33,1010.11,0,275.0,0.0,0.0,16.09,1,0,0,0,0,0.0,0.0,0.0,0.0,0.0,0.0,0.0,0.0,0.0,0.0,0.0,0.0,0.0,0.0,0.09797499999999998
378,0.0,33.69,34,0,13.27,27,2.41,3.09,1010.56,0,274.0,0.0,0.0,16.09,1,0,0,0,0,0.0,0.0,0.0,0.0,0.0,0.0,0.0,0.0,0.0,0.0,0.0,0.0,0.0,0.0,0.0350751213592233
379,0.0,31.43,31,0,15.34,33,2.52,4.55,1011.81,0,272.8,0.0,0.0,16.09,1,0,0,0,0,0.0,0.0,0.0,0.0,0.0,0.0,0.0,0.0,0.0,0.0,0.0,0.0,0.0,0.0,0.0152251213592233
380,0.0,29.6,30,0,14.9,46,2.58,5.83,1012.28,0,272.8,0.0,0.0,16.09,1,0,0,0,0,0.0,0.0,0.0,0.0,0.0,0.0,0.0,0.0,0.0,0.0,0.0,0.0,0.0,0.0,0.0793251213592233
381,0.0,28.28,28,0,15.04,62,2.63,6.59,1012.43,0,272.8,0.0,0.0,16.09,1,0,0,0,0,0.0,0.0,0.0,0.0,0.0,0.0,0.0,0.0,0.0,0.0,0.0,0.0,0.0,0.0,0.10482528161563356
382,0.0,27.64,27,0,15.38,81,2.64,6.8,1012.63,0,272.9,0.0,0.0,16.09,1,0,0,0,0,0.0,0.0,0.0,0.0,0.0,0.0,0.0,0.0,0.0,0.0,0.0,0.0,0.0,0.0,0.04277512135922329
383,0.0,27.13,27,1,15.58,99,2.66,6.92,1012.98,0,273.3,0.0,0.0,16.09,1,0,0,0,0,0.0,0.0,0.0,0.0,0.0,0.0,0.0,0.0,0.0,0.0,0.0,0.0,0.0,0.0,0.12954999999999997
384,0.0,25.95,26,1,15.64,108,2.65,6.65,1013.18,0,273.3,0.0,0.0,16.09,1,0,0,0,0,0.0,0.0,0.0,0.0,0.0,0.0,0.0,0.0,0.0,0.0,0.0,0.0,0.0,0.0,0.079575
385,0.0,25.4,25,1,15.66,108,2.59,5.72,1012.95,0,272.6,0.0,0.0,16.09,1,0,0,0,0,0.0,0.0,0.0,0.0,0.0,0.0,0.0,0.0,0.0,0.0,0.0,0.0,0.0,0.0,0.18972500000000003
386,0.0,24.85,25,1,15.6,105,2.54,4.75,1012.77,0,271.9,0.0,0.0,16.09,1,0,0,0,0,0.0,0.0,0.0,0.0,0.0,0.0,0.0,0.0,0.0,0.0,0.0,0.0,0.0,0.0,0.2835750000000001
387,0.0,24.03,24,1,15.48,105,2.53,4.24,1012.6,0,271.6,0.0,0.0,16.09,1,0,0,0,0,0.0,0.0,0.0,0.0,0.0,0.0,0.0,0.0,0.0,0.0,0.0,0.0,0.0,0.0,0.31300000000000006
388,0.0,23.2,23,1,15.21,105,2.59,4.16,1012.22,0,271.9,0.0,0.0,16.09,1,0,0,0,0,0.0,0.0,0.0,0.0,0.0,0.0,0.0,0.0,0.0,0.0,0.0,0.0,0.0,0.0,0.20875000000000005
389,0.0,23.16,23,1,15.9,107,2.62,4.18,1012.08,0,271.9,0.0,0.0,16.09,1,0,0,0,0,0.0,0.0,0.0,0.0,0.0,0.0,0.0,0.0,0.0,0.0,0.0,0.0,0.0,0.0,0.13465000000000002
390,0.0,23.98,24,1,16.93,118,3.06,4.37,1012.78,0,271.9,0.0,0.0,16.09,1,0,0,0,0,0.0,0.0,0.0,0.0,0.0,0.0,0.0,0.0,0.0,0.0,0.0,0.0,0.0,0.0,0.27807500000000007
391,0.0,24.83,25,1,17.13,128,3.56,4.81,1013.57,0,272.1,0.0,0.0,16.09,1,0,0,0,0,0.0,0.0,0.0,0.0,0.0,0.0,0.0,0.0,0.0,0.0,0.0,0.0,0.0,0.0,0.3046
392,0.0,25.96,26,1,17.08,134,3.65,5.16,1014.03,1,272.2,0.0,0.0,16.09,1,0,0,0,0,0.0,0.0,0.0,0.0,0.0,0.0,0.0,0.0,0.0,0.0,0.0,0.0,0.0,0.0,4.745200000000002
393,0.0,28.33,28,1,16.67,148,3.73,5.0,1014.12,3,272.3,0.0,0.0,16.09,1,0,0,0,0,0.0,0.0,0.0,0.0,0.0,0.0,0.0,0.0,0.0,0.0,0.0,0.0,0.0,0.0,8.738475
394,0.0,30.57,31,0,16.03,170,3.85,4.35,1014.07,5,272.2,0.0,0.0,16.09,1,0,0,0,0,0.0,0.0,0.0,0.0,0.0,0.0,0.0,0.0,0.0,0.0,0.0,0.0,0.0,0.0,9.393025
395,0.0,33.02,33,0,15.25,177,3.89,3.89,1014.0,7,272.9,0.0,0.0,16.09,1,0,0,0,0,0.0,0.0,0.0,0.0,0.0,0.0,0.0,0.0,0.0,0.0,0.0,0.0,0.0,0.0,10.864774999999995
396,0.0,34.7,35,0,14.03,151,3.35,3.37,1013.23,8,273.5,0.02,0.01,16.09,1,0,0,0,0,0.0,0.0,0.0,0.0,0.0,0.0,0.0,0.0,0.0,0.0,0.0,0.0,0.0,0.0,12.084674999999999
397,0.0,35.59,36,0,12.18,109,2.1,2.46,1011.81,7,273.1,0.08,0.01,16.09,1,0,0,0,0,0.0,0.0,0.0,0.0,0.0,0.0,0.0,0.0,0.0,0.0,0.0,0.0,0.0,0.0,10.868124999999997
398,0.0,35.5,36,0,10.63,288,0.94,1.79,1010.7,6,272.7,0.17,0.01,16.09,1,0,0,0,0,0.0,0.0,0.0,0.0,0.0,0.0,0.0,0.0,0.0,0.0,0.0,0.0,0.0,0.0,9.816199999999997
399,0.03,34.63,35,0,10.36,242,0.65,1.47,1010.18,3,273.0,0.16,0.01,16.09,1,0,0,0,0,0.0,0.0,0.0,0.0,0.0,0.0,0.0,0.0,0.0,0.0,0.0,0.0,0.0,0.0,6.153299999999998
400,0.1,33.58,34,0,11.35,68,1.19,1.6,1010.23,1,273.9,0.07,0.01,16.09,1,0,0,0,0,0.0,0.0,0.0,0.0,0.0,0.0,0.0,0.0,0.0,0.0,0.0,0.0,0.0,0.0,3.3083000000000014
401,0.18,31.9,32,0,12.46,106,1.94,2.2,1010.66,0,274.9,0.0,0.0,16.09,0,0,0,0,1,0.0,0.0,0.0,0.0,0.0,0.0,0.0,0.0,0.0,0.0,0.0,0.0,0.0,0.0,0.27960000000000007
402,0.21,30.87,31,0,12.99,106,2.2,2.62,1010.98,0,275.2,0.0,0.0,16.09,0,0,0,0,1,0.0,0.0,0.0,0.0,0.0,0.0,0.0,0.0,0.0,0.0,0.0,0.0,0.0,0.0,0.23567500000000005
403,0.19,29.59,30,0,13.26,100,2.27,3.06,1011.54,0,275.2,0.0,0.0,16.09,0,0,0,0,1,0.0,0.0,0.0,0.0,0.0,0.0,0.0,0.0,0.0,0.0,0.0,0.0,0.0,0.0,0.7731502873563219
404,0.16,27.79,28,0,13.66,118,2.54,3.87,1011.98,0,275.6,0.01,0.01,16.09,0,0,0,0,1,0.0,0.0,0.0,0.0,0.0,0.0,0.0,0.0,0.0,0.0,0.0,0.0,0.0,0.0,0.32187536257606497
405,0.14,26.59,27,0,14.07,128,2.61,4.7,1012.25,0,275.9,0.01,0.01,16.09,0,0,0,0,1,0.0,0.0,0.0,0.0,0.0,0.0,0.0,0.0,0.0,0.0,0.0,0.0,0.0,0.0,0.3530251470588236
406,0.11,25.89,26,1,14.58,132,2.49,5.6,1012.12,0,275.9,0.0,0.0,16.09,1,0,0,0,0,0.0,0.0,0.0,0.0,0.0,0.0,0.0,0.0,0.0,0.0,0.0,0.0,0.0,0.0,0.28125
407,0.08,25.39,25,1,14.97,131,2.37,6.38,1011.85,0,276.3,0.0,0.0,16.09,1,0,0,0,0,0.0,0.0,0.0,0.0,0.0,0.0,0.0,0.0,0.0,0.0,0.0,0.0,0.0,0.0,0.39580000000000015
408,0.06,24.65,25,1,14.81,115,2.38,7.06,1011.79,0,276.6,0.0,0.0,16.09,1,0,0,0,0,0.0,0.0,0.0,0.0,0.0,0.0,0.0,0.0,0.0,0.0,0.0,0.0,0.0,0.0,0.166925
409,0.03,24.2,24,1,14.9,109,2.74,7.74,1011.76,0,276.3,0.0,0.0,16.09,1,0,0,0,0,0.0,0.0,0.0,0.0,0.0,0.0,0.0,0.0,0.0,0.0,0.0,0.0,0.0,0.0,0.05315
410,0.01,23.89,24,1,15.25,113,3.19,8.22,1011.56,0,275.9,0.0,0.0,16.09,1,0,0,0,0,0.0,0.0,0.0,0.0,0.0,0.0,0.0,0.0,0.0,0.0,0.0,0.0,0.0,0.0,0.055650000000000005
411,0.0,23.03,23,1,15.2,113,3.33,8.34,1011.37,0,275.7,0.0,0.0,16.09,1,0,0,0,0,0.0,0.0,0.0,0.0,0.0,0.0,0.0,0.0,0.0,0.0,0.0,0.0,0.0,0.0,0.047075000000000006
412,0.0,22.01,22,1,15.12,120,3.26,8.14,1010.93,0,275.7,0.0,0.0,16.09,1,0,0,0,0,0.0,0.0,0.0,0.0,0.0,0.0,0.0,0.0,0.0,0.0,0.0,0.0,0.0,0.0,0.036175
413,0.0,21.92,22,1,15.52,125,3.13,7.21,1010.89,0,275.3,0.0,0.0,16.09,1,0,0,0,0,0.0,0.0,0.0,0.0,0.0,0.0,0.0,0.0,0.0,0.0,0.0,0.0,0.0,0.0,0.06297499999999998
414,0.0,22.69,23,1,16.25,112,3.3,6.48,1012.22,0,275.3,0.0,0.0,16.09,1,0,0,0,0,0.0,0.0,0.0,0.0,0.0,0.0,0.0,0.0,0.0,0.0,0.0,0.0,0.0,0.0,0.086525
415,0.0,23.13,23,1,16.69,77,3.73,6.63,1013.67,0,276.1,0.08,0.01,16.09,1,0,0,0,0,0.0,0.0,0.0,0.0,0.0,0.0,0.0,0.0,0.0,0.0,0.0,0.0,0.0,0.0,0.2864251213592234
416,0.0,23.89,24,1,16.79,29,4.05,6.68,1014.4,1,277.0,0.19,0.01,16.09,1,0,0,0,0,0.0,0.0,0.0,0.0,0.0,0.0,0.0,0.0,0.0,0.0,0.0,0.0,0.0,0.0,3.1879250000000012
417,0.0,25.35,25,1,16.72,9,4.09,6.23,1014.88,2,277.4,0.19,0.01,16.09,1,0,0,0,0,0.0,0.0,0.0,0.0,0.0,0.0,0.0,0.0,0.0,0.0,0.0,0.0,0.0,0.0,4.533250000000002
418,0.0,27.77,27,1,16.55,47,3.87,5.28,1015.13,5,277.4,0.08,0.01,16.09,1,0,0,0,0,0.0,0.0,0.0,0.0,0.0,0.0,0.0,0.0,0.0,0.0,0.0,0.0,0.0,0.0,8.946799999999998
419,0.0,29.28,29,0,16.29,92,3.63,4.25,1014.99,6,277.3,0.0,0.0,16.09,1,0,0,0,0,0.0,0.0,0.0,0.0,0.0,0.0,0.0,0.0,0.0,0.0,0.0,0.0,0.0,0.0,9.426149999999998
420,0.0,30.45,30,0,15.92,118,3.64,3.73,1014.4,7,276.8,0.0,0.0,16.09,1,0,0,0,0,0.0,0.0,0.0,0.0,0.0,0.0,0.0,0.0,0.0,0.0,0.0,0.0,0.0,0.0,12.279974999999993
421,0.02,31.56,32,0,15.32,131,3.87,3.87,1013.24,7,276.1,0.0,0.0,16.09,1,0,0,0,0,0.0,0.0,0.0,0.0,0.0,0.0,0.0,0.0,0.0,0.0,0.0,0.0,0.0,0.0,12.220349999999991
422,0.03,32.56,33,0,14.56,139,4.06,4.06,1012.01,5,275.3,0.0,0.0,16.09,1,0,0,0,0,0.0,0.0,0.0,0.0,0.0,0.0,0.0,0.0,0.0,0.0,0.0,0.0,0.0,0.0,9.992974999999996
423,0.11,33.18,33,0,13.82,137,3.99,3.99,1011.09,3,274.9,0.0,0.0,16.09,1,0,0,0,0,0.0,0.0,0.0,0.0,0.0,0.0,0.0,0.0,0.0,0.0,0.0,0.0,0.0,0.0,7.2099249999999975
424,0.28,33.55,34,0,13.53,126,3.71,3.73,1010.49,1,274.7,0.0,0.0,16.09,0,0,0,0,1,0.0,0.0,0.0,0.0,0.0,0.0,0.0,0.0,0.0,0.0,0.0,0.0,0.0,0.0,3.888325000000001
425,0.44,32.46,32,0,13.53,118,3.35,3.45,1010.2,0,274.6,0.0,0.0,16.09,0,0,0,0,1,0.0,0.0,0.0,0.0,0.0,0.0,0.0,0.0,0.0,0.0,0.0,0.0,0.0,0.0,0.24172514705882353
426,0.49,30.83,31,0,13.66,112,2.99,3.12,1010.33,0,274.7,0.0,0.0,16.09,0,0,0,0,1,0.0,0.0,0.0,0.0,0.0,0.0,0.0,0.0,0.0,0.0,0.0,0.0,0.0,0.0,0.22154999999999997
427,0.44,29.09,29,0,13.84,107,2.59,2.93,1010.75,0,275.1,0.0,0.0,16.09,0,0,0,0,1,0.0,0.0,0.0,0.0,0.0,0.0,0.0,0.0,0.0,0.0,0.0,0.0,0.0,0.0,0.6648252155172415
428,0.36,27.49,27,0,14.57,92,2.27,3.17,1012.32,0,275.2,0.0,0.0,16.09,0,0,0,0,1,0.0,0.0,0.0,0.0,0.0,0.0,0.0,0.0,0.0,0.0,0.0,0.0,0.0,0.0,0.45277529585798826
429,0.31,26.52,27,1,15.22,78,2.03,2.99,1013.11,0,275.4,0.0,0.0,16.09,0,0,0,0,1,0.0,0.0,0.0,0.0,0.0,0.0,0.0,0.0,0.0,0.0,0.0,0.0,0.0,0.0,0.2964755773379013
430,0.25,25.86,26,1,16.46,74,2.93,6.4,1013.11,0,275.3,0.0,0.0,16.09,0,0,0,0,1,0.0,0.0,0.0,0.0,0.0,0.0,0.0,0.0,0.0,0.0,0.0,0.0,0.0,0.0,0.11617512135922331
431,0.18,25.16,25,1,17.8,65,4.18,10.54,1013.63,0,275.0,0.0,0.0,16.09,0,0,0,0,1,0.0,0.0,0.0,0.0,0.0,0.0,0.0,0.0,0.0,0.0,0.0,0.0,0.0,0.0,0.4530000000000001
432,0.13,24.69,24,1,18.13,60,4.07,10.03,1013.67,0,275.0,0.0,0.0,16.09,0,0,0,0,1,0.0,0.0,0.0,0.0,0.0,0.0,0.0,0.0,0.0,0.0,0.0,0.0,0.0,0.0,0.44267516025641035
433,0.07,24.2,24,1,18.25,62,3.22,7.99,1013.85,0,275.0,0.01,0.01,16.09,1,0,0,0,0,0.0,0.0,0.0,0.0,0.0,0.0,0.0,0.0,0.0,0.0,0.0,0.0,0.0,0.0,0.45777516025641035
434,0.03,23.6,23,1,18.16,63,2.43,6.0,1013.83,0,275.2,0.01,0.01,16.09,1,0,0,0,0,0.0,0.0,0.0,0.0,0.0,0.0,0.0,0.0,0.0,0.0,0.0,0.0,0.0,0.0,0.4952501213592235
435,0.01,22.69,22,1,17.81,61,2.14,4.88,1013.76,0,275.4,0.0,0.0,16.09,1,0,0,0,0,0.0,0.0,0.0,0.0,0.0,0.0,0.0,0.0,0.0,0.0,0.0,0.0,0.0,0.0,0.5357003854816357
436,0.01,21.67,21,1,17.25,59,2.23,4.33,1013.94,0,275.5,0.01,0.01,16.09,1,0,0,0,0,0.0,0.0,0.0,0.0,0.0,0.0,0.0,0.0,0.0,0.0,0.0,0.0,0.0,0.0,0.6097751602564104
437,0.01,21.6,21,1,17.09,58,2.44,4.07,1014.3,0,275.8,0.01,0.01,16.09,1,0,0,0,0,0.0,0.0,0.0,0.0,0.0,0.0,0.0,0.0,0.0,0.0,0.0,0.0,0.0,0.0,0.5722002816156337
438,0.0,22.13,22,1,17.14,57,2.74,4.38,1014.76,0,276.5,0.0,0.0,16.09,1,0,0,0,0,0.0,0.0,0.0,0.0,0.0,0.0,0.0,0.0,0.0,0.0,0.0,0.0,0.0,0.0,0.5150755068408589
439,0.0,22.39,22,1,17.07,57,3.14,5.33,1015.43,0,277.7,0.02,0.01,16.09,1,0,0,0,0,0.0,0.0,0.0,0.0,0.0,0.0,0.0,0.0,0.0,0.0,0.0,0.0,0.0,0.0,0.4547002816156337
440,0.0,23.07,23,1,16.96,58,3.44,6.1,1016.05,1,278.8,0.05,0.01,16.09,1,0,0,0,0,0.0,0.0,0.0,0.0,0.0,0.0,0.0,0.0,0.0,0.0,0.0,0.0,0.0,0.0,3.486825000000002
441,0.0,25.08,25,1,16.66,69,3.65,5.6,1016.41,2,279.0,0.06,0.01,16.09,1,0,0,0,0,0.0,0.0,0.0,0.0,0.0,0.0,0.0,0.0,0.0,0.0,0.0,0.0,0.0,0.0,4.197725000000002
442,0.0,28.2,28,0,16.21,85,3.38,3.85,1016.52,5,278.6,0.03,0.01,16.09,1,0,0,0,0,0.0,0.0,0.0,0.0,0.0,0.0,0.0,0.0,0.0,0.0,0.0,0.0,0.0,0.0,9.365400000000001
443,0.0,29.99,30,0,15.83,94,3.07,3.1,1016.35,6,277.7,0.0,0.0,16.09,1,0,0,0,0,0.0,0.0,0.0,0.0,0.0,0.0,0.0,0.0,0.0,0.0,0.0,0.0,0.0,0.0,8.908624999999999
444,0.0,31.52,32,0,15.21,87,2.85,3.04,1015.9,7,277.1,0.0,0.0,16.09,1,0,0,0,0,0.0,0.0,0.0,0.0,0.0,0.0,0.0,0.0,0.0,0.0,0.0,0.0,0.0,0.0,9.420974999999999
445,0.0,32.71,33,0,14.01,66,2.21,2.39,1014.87,7,276.9,0.0,0.0,16.09,1,0,0,0,0,0.0,0.0,0.0,0.0,0.0,0.0,0.0,0.0,0.0,0.0,0.0,0.0,0.0,0.0,11.224774999999992
446,0.0,33.4,33,0,12.62,39,1.74,1.97,1013.66,5,276.8,0.0,0.0,16.09,1,0,0,0,0,0.0,0.0,0.0,0.0,0.0,0.0,0.0,0.0,0.0,0.0,0.0,0.0,0.0,0.0,10.12390000000001
447,0.0,33.77,34,0,11.0,22,1.69,1.87,1012.88,3,276.8,0.01,0.01,16.09,1,0,0,0,0,0.0,0.0,0.0,0.0,0.0,0.0,0.0,0.0,0.0,0.0,0.0,0.0,0.0,0.0,5.899074999999997
448,0.0,33.7,34,0,9.71,12,2.05,2.13,1012.37,1,277.1,0.01,0.01,16.09,1,0,0,0,0,0.0,0.0,0.0,0.0,0.0,0.0,0.0,0.0,0.0,0.0,0.0,0.0,0.0,0.0,2.7227250000000014
449,0.02,32.8,33,0,9.19,22,2.69,2.69,1012.36,0,276.6,0.01,0.01,16.09,1,0,0,0,0,0.0,0.0,0.0,0.0,0.0,0.0,0.0,0.0,0.0,0.0,0.0,0.0,0.0,0.0,0.0817001213592233
450,0.08,31.32,31,0,12.07,30,2.84,3.59,1013.19,0,276.3,0.0,0.0,16.09,1,0,0,0,0,0.0,0.0,0.0,0.0,0.0,0.0,0.0,0.0,0.0,0.0,0.0,0.0,0.0,0.0,0.05357547347189936
451,0.18,29.1,29,0,15.17,25,2.91,5.34,1013.96,0,277.5,0.02,0.01,16.09,0,0,0,0,1,0.0,0.0,0.0,0.0,0.0,0.0,0.0,0.0,0.0,0.0,0.0,0.0,0.0,0.0,0.2431002816156336
452,0.28,27.58,27,0,15.23,22,3.34,6.88,1014.26,0,278.6,0.04,0.01,16.09,0,0,0,0,1,0.0,0.0,0.0,0.0,0.0,0.0,0.0,0.0,0.0,0.0,0.0,0.0,0.0,0.0,0.17225028161563355
453,0.31,26.13,26,1,15.61,19,3.27,6.43,1014.64,0,279.0,0.04,0.01,16.09,0,0,0,0,1,0.0,0.0,0.0,0.0,0.0,0.0,0.0,0.0,0.0,0.0,0.0,0.0,0.0,0.0,0.19002528161563353
454,0.27,25.46,25,1,16.1,15,2.63,3.89,1015.06,0,278.7,0.02,0.01,16.09,0,0,0,0,1,0.0,0.0,0.0,0.0,0.0,0.0,0.0,0.0,0.0,0.0,0.0,0.0,0.0,0.0,0.3007502816156336
455,0.22,25.18,25,1,16.19,6,2.16,2.28,1015.58,0,278.6,0.01,0.01,16.09,0,0,0,0,1,0.0,0.0,0.0,0.0,0.0,0.0,0.0,0.0,0.0,0.0,0.0,0.0,0.0,0.0,0.46407516025641016
456,0.22,24.74,25,1,15.9,359,2.08,2.21,1015.16,0,278.6,0.01,0.01,16.09,0,0,0,0,1,0.0,0.0,0.0,0.0,0.0,0.0,0.0,0.0,0.0,0.0,0.0,0.0,0.0,0.0,0.6822250000000001
457,0.28,23.81,24,1,15.69,4,2.09,2.46,1014.79,0,278.4,0.0,0.0,16.09,0,0,0,0,1,0.0,0.0,0.0,0.0,0.0,0.0,0.0,0.0,0.0,0.0,0.0,0.0,0.0,0.0,0.3366753854816354
458,0.33,22.79,23,1,15.32,17,2.17,3.03,1014.54,0,278.2,0.0,0.0,16.09,0,0,0,0,1,0.0,0.0,0.0,0.0,0.0,0.0,0.0,0.0,0.0,0.0,0.0,0.0,0.0,0.0,0.3740253854816354
459,0.32,21.64,22,1,14.93,45,2.03,3.17,1014.54,0,278.0,0.0,0.0,16.09,0,0,0,0,1,0.0,0.0,0.0,0.0,0.0,0.0,0.0,0.0,0.0,0.0,0.0,0.0,0.0,0.0,0.31090038548163546
460,0.27,20.58,21,1,14.7,100,1.67,2.89,1014.31,0,278.0,0.0,0.0,16.09,0,0,0,0,1,0.0,0.0,0.0,0.0,0.0,0.0,0.0,0.0,0.0,0.0,0.0,0.0,0.0,0.0,0.45240000000000014
461,0.2,20.45,20,1,14.59,100,1.34,2.56,1014.09,0,278.2,0.0,0.0,16.09,0,0,0,0,1,0.0,0.0,0.0,0.0,0.0,0.0,0.0,0.0,0.0,0.0,0.0,0.0,0.0,0.0,0.28314999999999996
462,0.14,21.22,21,1,15.1,5,1.0,2.07,1015.06,0,278.0,0.0,0.0,16.09,0,0,0,0,1,0.0,0.0,0.0,0.0,0.0,0.0,0.0,0.0,0.0,0.0,0.0,0.0,0.0,0.0,0.4391251602564102
463,0.07,21.65,22,1,15.61,358,0.89,1.92,1016.17,0,278.2,0.0,0.0,16.09,1,0,0,0,0,0.0,0.0,0.0,0.0,0.0,0.0,0.0,0.0,0.0,0.0,0.0,0.0,0.0,0.0,1.1438499999999998
464,0.02,22.24,22,1,15.48,335,1.1,2.25,1016.61,1,279.0,0.0,0.0,16.09,1,0,0,0,0,0.0,0.0,0.0,0.0,0.0,0.0,0.0,0.0,0.0,0.0,0.0,0.0,0.0,0.0,4.962500000000002
465,0.0,24.0,24,1,15.24,326,1.25,2.41,1016.9,2,279.3,0.0,0.0,16.09,1,0,0,0,0,0.0,0.0,0.0,0.0,0.0,0.0,0.0,0.0,0.0,0.0,0.0,0.0,0.0,0.0,6.2852749999999995
466,0.0,27.18,27,0,14.79,333,1.39,2.48,1016.74,4,279.6,0.0,0.0,16.09,1,0,0,0,0,0.0,0.0,0.0,0.0,0.0,0.0,0.0,0.0,0.0,0.0,0.0,0.0,0.0,0.0,8.117575000000004
467,0.0,29.63,30,0,14.05,341,1.53,2.39,1016.5,6,277.7,0.0,0.0,16.09,1,0,0,0,0,0.0,0.0,0.0,0.0,0.0,0.0,0.0,0.0,0.0,0.0,0.0,0.0,0.0,0.0,9.711100000000002
468,0.0,31.55,32,0,12.7,341,1.86,2.53,1015.95,7,275.5,0.0,0.0,16.09,1,0,0,0,0,0.0,0.0,0.0,0.0,0.0,0.0,0.0,0.0,0.0,0.0,0.0,0.0,0.0,0.0,11.345099999999997
469,0.0,32.83,33,0,10.22,333,2.47,3.16,1014.52,7,275.5,0.0,0.0,16.09,1,0,0,0,0,0.0,0.0,0.0,0.0,0.0,0.0,0.0,0.0,0.0,0.0,0.0,0.0,0.0,0.0,11.350774999999997
470,0.0,33.04,33,0,7.7,325,3.08,3.77,1013.05,5,275.6,0.0,0.0,16.09,1,0,0,0,0,0.0,0.0,0.0,0.0,0.0,0.0,0.0,0.0,0.0,0.0,0.0,0.0,0.0,0.0,9.487525000000003
471,0.0,32.78,33,0,6.71,322,3.42,4.05,1012.11,3,275.8,0.0,0.0,16.09,1,0,0,0,0,0.0,0.0,0.0,0.0,0.0,0.0,0.0,0.0,0.0,0.0,0.0,0.0,0.0,0.0,5.834100000000001
472,0.0,32.91,33,0,6.96,323,3.53,4.05,1011.58,1,276.2,0.0,0.0,16.09,1,0,0,0,0,0.0,0.0,0.0,0.0,0.0,0.0,0.0,0.0,0.0,0.0,0.0,0.0,0.0,0.0,2.8175750000000015
473,0.0,32.0,32,0,9.77,334,3.53,3.73,1012.18,0,276.7,0.0,0.0,16.09,1,0,0,0,0,0.0,0.0,0.0,0.0,0.0,0.0,0.0,0.0,0.0,0.0,0.0,0.0,0.0,0.0,0.27970033645276277
474,0.0,30.48,30,0,12.72,344,3.36,3.36,1013.11,0,277.1,0.0,0.0,16.09,1,0,0,0,0,0.0,0.0,0.0,0.0,0.0,0.0,0.0,0.0,0.0,0.0,0.0,0.0,0.0,0.0,0.3598753378985182
475,0.0,28.6,29,0,13.1,341,2.98,2.98,1013.58,0,277.2,0.0,0.0,16.09,1,0,0,0,0,0.0,0.0,0.0,0.0,0.0,0.0,0.0,0.0,0.0,0.0,0.0,0.0,0.0,0.0,0.4323511323631281
476,0.0,26.8,27,0,13.17,338,2.53,2.65,1014.07,0,277.3,0.0,0.0,16.09,1,0,0,0,0,0.0,0.0,0.0,0.0,0.0,0.0,0.0,0.0,0.0,0.0,0.0,0.0,0.0,0.0,0.3841758598462448
477,0.0,25.52,26,0,13.15,343,2.33,2.69,1014.22,0,277.4,0.0,0.0,16.09,1,0,0,0,0,0.0,0.0,0.0,0.0,0.0,0.0,0.0,0.0,0.0,0.0,0.0,0.0,0.0,0.0,0.47517557894736834
478,0.0,24.61,25,0,13.04,357,2.37,2.85,1014.42,0,277.6,0.0,0.0,16.09,1,0,0,0,0,0.0,0.0,0.0,0.0,0.0,0.0,0.0,0.0,0.0,0.0,0.0,0.0,0.0,0.0,0.566425656356936
479,0.0,23.86,24,1,12.87,12,2.4,3.0,1014.47,0,277.7,0.0,0.0,16.09,1,0,0,0,0,0.0,0.0,0.0,0.0,0.0,0.0,0.0,0.0,0.0,0.0,0.0,0.0,0.0,0.0,0.18612670403570708
480,0.0,23.15,23,1,12.46,23,2.27,3.12,1013.95,0,277.4,0.0,0.0,16.09,1,0,0,0,0,0.0,0.0,0.0,0.0,0.0,0.0,0.0,0.0,0.0,0.0,0.0,0.0,0.0,0.0,0.10875177351617844
481,0.0,22.41,22,1,12.06,30,1.96,3.14,1013.36,0,276.9,0.0,0.0,16.09,1,0,0,0,0,0.0,0.0,0.0,0.0,0.0,0.0,0.0,0.0,0.0,0.0,0.0,0.0,0.0,0.0,0.14932712562885453
482,0.0,21.68,22,1,11.87,35,1.59,2.98,1012.96,0,276.5,0.0,0.0,16.09,1,0,0,0,0,0.0,0.0,0.0,0.0,0.0,0.0,0.0,0.0,0.0,0.0,0.0,0.0,0.0,0.0,0.0625271256288545
483,0.0,20.63,21,1,11.77,34,1.31,2.68,1013.02,0,276.2,0.0,0.0,16.09,1,0,0,0,0,0.0,0.0,0.0,0.0,0.0,0.0,0.0,0.0,0.0,0.0,0.0,0.0,0.0,0.0,0.2653762572020319
484,0.0,19.44,19,1,11.85,21,1.09,2.2,1013.32,0,276.3,0.0,0.0,16.09,1,0,0,0,0,0.0,0.0,0.0,0.0,0.0,0.0,0.0,0.0,0.0,0.0,0.0,0.0,0.0,0.0,0.19545051739926733
485,0.0,19.12,19,1,12.01,358,0.95,1.75,1013.43,0,276.4,0.0,0.0,16.09,1,0,0,0,0,0.0,0.0,0.0,0.0,0.0,0.0,0.0,0.0,0.0,0.0,0.0,0.0,0.0,0.0,0.54075
486,0.0,19.97,20,1,11.9,38,0.96,1.59,1014.15,0,276.3,0.0,0.0,16.09,1,0,0,0,0,0.0,0.0,0.0,0.0,0.0,0.0,0.0,0.0,0.0,0.0,0.0,0.0,0.0,0.0,0.20227535714285716
487,0.0,20.72,21,1,11.89,96,1.04,1.48,1015.1,0,276.4,0.0,0.0,16.09,1,0,0,0,0,0.0,0.0,0.0,0.0,0.0,0.0,0.0,0.0,0.0,0.0,0.0,0.0,0.0,0.0,0.6754750000000003
488,0.0,21.68,22,1,12.06,262,1.15,1.32,1015.45,1,276.5,0.0,0.0,16.09,1,0,0,0,0,0.0,0.0,0.0,0.0,0.0,0.0,0.0,0.0,0.0,0.0,0.0,0.0,0.0,0.0,4.849600000000002
489,0.0,23.64,24,0,11.94,214,1.31,1.37,1015.47,2,276.3,0.0,0.0,16.09,1,0,0,0,0,0.0,0.0,0.0,0.0,0.0,0.0,0.0,0.0,0.0,0.0,0.0,0.0,0.0,0.0,6.742874999999999
490,0.0,26.43,26,0,11.46,91,1.55,1.71,1015.25,4,275.9,0.0,0.0,16.09,1,0,0,0,0,0.0,0.0,0.0,0.0,0.0,0.0,0.0,0.0,0.0,0.0,0.0,0.0,0.0,0.0,9.286499999999997
491,0.0,29.21,29,0,10.54,5,1.76,2.06,1015.09,6,275.0,0.0,0.0,16.09,1,0,0,0,0,0.0,0.0,0.0,0.0,0.0,0.0,0.0,0.0,0.0,0.0,0.0,0.0,0.0,0.0,10.212649999999998
492,0.0,31.14,31,0,9.21,323,2.19,2.59,1014.51,7,274.3,0.0,0.0,16.09,1,0,0,0,0,0.0,0.0,0.0,0.0,0.0,0.0,0.0,0.0,0.0,0.0,0.0,0.0,0.0,0.0,11.866325
493,0.0,32.3,32,0,7.47,317,3.01,3.56,1013.02,7,274.3,0.0,0.0,16.09,1,0,0,0,0,0.0,0.0,0.0,0.0,0.0,0.0,0.0,0.0,0.0,0.0,0.0,0.0,0.0,0.0,11.239624999999997
494,0.0,32.32,32,0,6.13,319,3.77,4.5,1011.58,5,274.5,0.0,0.0,16.09,1,0,0,0,0,0.0,0.0,0.0,0.0,0.0,0.0,0.0,0.0,0.0,0.0,0.0,0.0,0.0,0.0,9.901475000000001
495,0.0,32.07,32,0,5.74,321,4.08,5.2,1010.65,3,274.7,0.0,0.0,16.09,1,0,0,0,0,0.0,0.0,0.0,0.0,0.0,0.0,0.0,0.0,0.0,0.0,0.0,0.0,0.0,0.0,6.287875000000002
496,0.0,32.19,32,0,6.05,323,3.94,5.68,1010.31,1,274.9,0.0,0.0,16.09,1,0,0,0,0,0.0,0.0,0.0,0.0,0.0,0.0,0.0,0.0,0.0,0.0,0.0,0.0,0.0,0.0,2.598375
497,0.0,31.42,31,0,6.85,326,3.61,6.08,1010.73,0,275.7,0.0,0.0,16.09,1,0,0,0,0,0.0,0.0,0.0,0.0,0.0,0.0,0.0,0.0,0.0,0.0,0.0,0.0,0.0,0.0,0.05587556581056109
498,0.0,30.04,30,0,7.65,325,3.12,5.62,1011.0,0,276.4,0.0,0.0,16.09,1,0,0,0,0,0.0,0.0,0.0,0.0,0.0,0.0,0.0,0.0,0.0,0.0,0.0,0.0,0.0,0.0,0.1872255658105611
499,0.0,27.94,28,0,9.61,319,2.57,3.97,1011.23,0,276.4,0.0,0.0,16.09,1,0,0,0,0,0.0,0.0,0.0,0.0,0.0,0.0,0.0,0.0,0.0,0.0,0.0,0.0,0.0,0.0,0.04592672614252168
500,0.0,25.69,26,0,11.26,316,2.02,2.37,1011.45,0,276.5,0.0,0.0,16.09,1,0,0,0,0,0.0,0.0,0.0,0.0,0.0,0.0,0.0,0.0,0.0,0.0,0.0,0.0,0.0,0.0,0.2874753086419753
501,0.0,24.38,24,0,11.2,314,1.72,1.93,1011.41,0,276.4,0.0,0.0,16.09,1,0,0,0,0,0.0,0.0,0.0,0.0,0.0,0.0,0.0,0.0,0.0,0.0,0.0,0.0,0.0,0.0,0.4435
502,0.0,23.65,24,0,11.24,318,1.83,2.64,1011.45,0,276.4,0.0,0.0,16.09,1,0,0,0,0,0.0,0.0,0.0,0.0,0.0,0.0,0.0,0.0,0.0,0.0,0.0,0.0,0.0,0.0,0.1886503086419753
503,0.0,23.04,23,0,11.24,333,1.99,3.45,1011.39,0,276.2,0.0,0.0,16.09,1,0,0,0,0,0.0,0.0,0.0,0.0,0.0,0.0,0.0,0.0,0.0,0.0,0.0,0.0,0.0,0.0,0.11237610310658512
504,0.0,22.43,22,1,11.76,9,1.96,3.62,1011.31,0,276.2,0.0,0.0,16.09,1,0,0,0,0,0.0,0.0,0.0,0.0,0.0,0.0,0.0,0.0,0.0,0.0,0.0,0.0,0.0,0.0,0.0380021256288545
505,0.0,21.61,22,1,11.64,70,1.66,3.08,1011.26,0,276.2,0.0,0.0,16.09,1,0,0,0,0,0.0,0.0,0.0,0.0,0.0,0.0,0.0,0.0,0.0,0.0,0.0,0.0,0.0,0.0,0.033052281828140455
506,0.0,20.72,21,1,11.43,164,1.31,2.33,1011.18,0,276.1,0.0,0.0,16.09,1,0,0,0,0,0.0,0.0,0.0,0.0,0.0,0.0,0.0,0.0,0.0,0.0,0.0,0.0,0.0,0.0,0.08132500000000002
507,0.0,19.69,20,1,11.17,296,1.22,1.96,1011.03,0,275.9,0.0,0.0,16.09,1,0,0,0,0,0.0,0.0,0.0,0.0,0.0,0.0,0.0,0.0,0.0,0.0,0.0,0.0,0.0,0.0,0.36945000000000006
508,0.0,18.62,19,1,10.89,291,1.39,1.92,1010.99,0,275.4,0.0,0.0,16.09,1,0,0,0,0,0.0,0.0,0.0,0.0,0.0,0.0,0.0,0.0,0.0,0.0,0.0,0.0,0.0,0.0,0.3619
509,0.0,18.33,18,1,11.52,275,1.55,1.8,1011.09,0,275.3,0.0,0.0,16.09,1,0,0,0,0,0.0,0.0,0.0,0.0,0.0,0.0,0.0,0.0,0.0,0.0,0.0,0.0,0.0,0.0,0.6305
510,0.0,19.26,19,1,12.56,273,1.68,1.69,1011.78,0,275.6,0.0,0.0,16.09,1,0,0,0,0,0.0,0.0,0.0,0.0,0.0,0.0,0.0,0.0,0.0,0.0,0.0,0.0,0.0,0.0,0.8276499999999999
511,0.0,20.33,20,1,12.77,283,1.69,1.69,1012.45,0,276.1,0.0,0.0,16.09,1,0,0,0,0,0.0,0.0,0.0,0.0,0.0,0.0,0.0,0.0,0.0,0.0,0.0,0.0,0.0,0.0,0.68765
512,0.0,21.57,22,1,12.64,283,1.64,1.64,1012.33,1,276.5,0.0,0.0,16.09,1,0,0,0,0,0.0,0.0,0.0,0.0,0.0,0.0,0.0,0.0,0.0,0.0,0.0,0.0,0.0,0.0,5.758250000000004
513,0.0,23.81,24,0,12.39,201,1.84,1.84,1012.25,2,276.7,0.0,0.0,16.09,1,0,0,0,0,0.0,0.0,0.0,0.0,0.0,0.0,0.0,0.0,0.0,0.0,0.0,0.0,0.0,0.0,6.535925000000005
514,0.0,26.78,27,0,11.9,78,2.25,2.41,1012.03,4,276.4,0.0,0.0,16.09,1,0,0,0,0,0.0,0.0,0.0,0.0,0.0,0.0,0.0,0.0,0.0,0.0,0.0,0.0,0.0,0.0,8.94545
515,0.0,29.66,30,0,11.35,335,2.72,3.23,1011.57,6,276.1,0.0,0.0,16.09,1,0,0,0,0,0.0,0.0,0.0,0.0,0.0,0.0,0.0,0.0,0.0,0.0,0.0,0.0,0.0,0.0,8.633425
516,0.0,31.71,32,0,10.38,295,3.29,4.24,1011.06,7,275.1,0.0,0.0,16.09,1,0,0,0,0,0.0,0.0,0.0,0.0,0.0,0.0,0.0,0.0,0.0,0.0,0.0,0.0,0.0,0.0,11.650699999999997
517,0.0,32.93,33,0,8.7,298,3.95,5.1,1010.28,7,274.5,0.0,0.0,16.09,1,0,0,0,0,0.0,0.0,0.0,0.0,0.0,0.0,0.0,0.0,0.0,0.0,0.0,0.0,0.0,0.0,12.258999999999997
518,0.0,32.98,33,0,7.23,310,4.43,5.43,1009.17,5,274.9,0.0,0.0,16.09,1,0,0,0,0,0.0,0.0,0.0,0.0,0.0,0.0,0.0,0.0,0.0,0.0,0.0,0.0,0.0,0.0,10.549975000000002
519,0.0,32.72,33,0,6.54,316,4.43,5.31,1008.47,3,275.1,0.0,0.0,16.09,1,0,0,0,0,0.0,0.0,0.0,0.0,0.0,0.0,0.0,0.0,0.0,0.0,0.0,0.0,0.0,0.0,6.749325000000004
520,0.0,32.7,33,0,6.47,317,3.97,4.68,1007.79,1,275.1,0.0,0.0,16.09,1,0,0,0,0,0.0,0.0,0.0,0.0,0.0,0.0,0.0,0.0,0.0,0.0,0.0,0.0,0.0,0.0,2.6873500000000012
521,0.0,31.99,32,0,6.68,317,3.42,4.01,1007.27,0,275.1,0.0,0.0,16.09,1,0,0,0,0,0.0,0.0,0.0,0.0,0.0,0.0,0.0,0.0,0.0,0.0,0.0,0.0,0.0,0.0,0.041250678918516345
522,0.0,30.69,31,0,7.33,317,2.85,3.53,1007.53,0,275.8,0.0,0.0,16.09,1,0,0,0,0,0.0,0.0,0.0,0.0,0.0,0.0,0.0,0.0,0.0,0.0,0.0,0.0,0.0,0.0,0.11365110132650756
523,0.0,28.55,29,0,9.54,317,2.19,3.2,1008.65,0,276.8,0.0,0.0,16.09,1,0,0,0,0,0.0,0.0,0.0,0.0,0.0,0.0,0.0,0.0,0.0,0.0,0.0,0.0,0.0,0.0,0.4577512640586246
524,0.0,26.33,26,0,11.03,316,1.61,3.03,1009.65,0,276.9,0.0,0.0,16.09,1,0,0,0,0,0.0,0.0,0.0,0.0,0.0,0.0,0.0,0.0,0.0,0.0,0.0,0.0,0.0,0.0,0.3162504085674344
525,0.0,24.89,25,0,10.93,322,1.31,2.97,1009.72,0,276.6,0.0,0.0,16.09,1,0,0,0,0,0.0,0.0,0.0,0.0,0.0,0.0,0.0,0.0,0.0,0.0,0.0,0.0,0.0,0.0,0.19465054446460983
526,0.0,23.99,24,0,10.95,333,1.24,3.08,1009.65,0,275.8,0.0,0.0,16.09,1,0,0,0,0,0.0,0.0,0.0,0.0,0.0,0.0,0.0,0.0,0.0,0.0,0.0,0.0,0.0,0.0,0.15272554446460979
527,0.0,23.2,23,0,11.16,346,1.15,2.89,1009.65,0,274.6,0.0,0.0,16.09,1,0,0,0,0,0.0,0.0,0.0,0.0,0.0,0.0,0.0,0.0,0.0,0.0,0.0,0.0,0.0,0.0,0.22745054446460983
528,0.0,22.38,22,1,11.41,11,1.05,2.57,1009.94,0,274.2,0.0,0.0,16.09,1,0,0,0,0,0.0,0.0,0.0,0.0,0.0,0.0,0.0,0.0,0.0,0.0,0.0,0.0,0.0,0.0,0.20085071424966108
529,0.0,21.44,21,1,11.4,63,1.05,2.47,1009.81,0,275.1,0.0,0.0,16.09,1,0,0,0,0,0.0,0.0,0.0,0.0,0.0,0.0,0.0,0.0,0.0,0.0,0.0,0.0,0.0,0.0,0.20437535714285715
530,0.0,20.43,20,1,11.32,104,1.07,2.33,1009.58,0,276.1,0.0,0.0,16.09,1,0,0,0,0,0.0,0.0,0.0,0.0,0.0,0.0,0.0,0.0,0.0,0.0,0.0,0.0,0.0,0.0,0.2885500000000001
531,0.0,19.29,19,1,11.24,127,1.1,2.16,1009.43,0,276.6,0.0,0.0,16.09,1,0,0,0,0,0.0,0.0,0.0,0.0,0.0,0.0,0.0,0.0,0.0,0.0,0.0,0.0,0.0,0.0,0.14452500000000007
532,0.0,18.41,18,1,11.24,139,1.14,1.96,1009.3,0,276.7,0.0,0.0,16.09,1,0,0,0,0,0.0,0.0,0.0,0.0,0.0,0.0,0.0,0.0,0.0,0.0,0.0,0.0,0.0,0.0,0.336325
533,0.0,18.3,18,1,11.25,146,1.15,1.72,1009.31,0,276.8,0.0,0.0,16.09,1,0,0,0,0,0.0,0.0,0.0,0.0,0.0,0.0,0.0,0.0,0.0,0.0,0.0,0.0,0.0,0.0,0.37229999999999996
534,0.0,19.25,19,1,11.28,165,1.58,1.79,1009.79,0,276.6,0.0,0.0,16.09,1,0,0,0,0,0.0,0.0,0.0,0.0,0.0,0.0,0.0,0.0,0.0,0.0,0.0,0.0,0.0,0.0,1.121325
535,0.0,20.39,20,1,11.25,194,1.86,1.86,1010.42,0,276.5,0.0,0.0,16.09,1,0,0,0,0,0.0,0.0,0.0,0.0,0.0,0.0,0.0,0.0,0.0,0.0,0.0,0.0,0.0,0.0,0.56515
536,0.0,21.79,22,1,11.07,199,1.61,1.61,1010.43,1,276.5,0.0,0.0,16.09,1,0,0,0,0,0.0,0.0,0.0,0.0,0.0,0.0,0.0,0.0,0.0,0.0,0.0,0.0,0.0,0.0,5.7314000000000025
537,0.0,24.14,24,0,10.64,156,1.49,1.49,1010.53,2,276.8,0.0,0.0,16.09,1,0,0,0,0,0.0,0.0,0.0,0.0,0.0,0.0,0.0,0.0,0.0,0.0,0.0,0.0,0.0,0.0,6.174525000000002
538,0.0,27.28,27,0,9.79,83,1.43,1.67,1010.47,4,277.2,0.0,0.0,16.09,1,0,0,0,0,0.0,0.0,0.0,0.0,0.0,0.0,0.0,0.0,0.0,0.0,0.0,0.0,0.0,0.0,9.57585
539,0.0,30.16,30,0,8.69,349,1.47,2.05,1010.28,6,277.9,0.0,0.0,16.09,1,0,0,0,0,0.0,0.0,0.0,0.0,0.0,0.0,0.0,0.0,0.0,0.0,0.0,0.0,0.0,0.0,10.644
540,0.0,32.09,32,0,7.07,279,1.72,2.37,1009.61,7,278.4,0.0,0.0,16.09,1,0,0,0,0,0.0,0.0,0.0,0.0,0.0,0.0,0.0,0.0,0.0,0.0,0.0,0.0,0.0,0.0,12.473049999999994
541,0.0,33.3,33,0,4.79,304,2.19,2.69,1008.28,7,278.5,0.0,0.0,16.09,1,0,0,0,0,0.0,0.0,0.0,0.0,0.0,0.0,0.0,0.0,0.0,0.0,0.0,0.0,0.0,0.0,12.215574999999994
542,0.0,33.22,33,0,3.13,329,2.58,2.91,1006.96,5,278.4,0.0,0.0,16.09,1,0,0,0,0,0.0,0.0,0.0,0.0,0.0,0.0,0.0,0.0,0.0,0.0,0.0,0.0,0.0,0.0,10.622050000000002
543,0.0,32.8,33,0,2.95,318,2.58,2.83,1006.19,3,277.9,0.0,0.0,16.09,1,0,0,0,0,0.0,0.0,0.0,0.0,0.0,0.0,0.0,0.0,0.0,0.0,0.0,0.0,0.0,0.0,6.688649999999999
544,0.0,32.74,33,0,3.81,312,2.23,2.45,1005.92,1,276.8,0.0,0.0,16.09,1,0,0,0,0,0.0,0.0,0.0,0.0,0.0,0.0,0.0,0.0,0.0,0.0,0.0,0.0,0.0,0.0,2.977300000000002
545,0.0,31.84,32,0,4.67,313,1.67,1.79,1006.4,0,275.2,0.0,0.0,16.09,1,0,0,0,0,0.0,0.0,0.0,0.0,0.0,0.0,0.0,0.0,0.0,0.0,0.0,0.0,0.0,0.0,0.31559999999999994
546,0.0,30.41,30,0,7.05,348,1.46,1.47,1007.11,0,274.4,0.0,0.0,16.09,1,0,0,0,0,0.0,0.0,0.0,0.0,0.0,0.0,0.0,0.0,0.0,0.0,0.0,0.0,0.0,0.0,0.529275
547,0.0,28.59,29,0,9.26,11,1.52,1.53,1007.64,0,274.9,0.0,0.0,16.09,1,0,0,0,0,0.0,0.0,0.0,0.0,0.0,0.0,0.0,0.0,0.0,0.0,0.0,0.0,0.0,0.0,0.39747580570745056
548,0.0,26.6,27,0,9.21,27,1.44,1.56,1008.21,0,275.5,0.0,0.0,16.09,1,0,0,0,0,0.0,0.0,0.0,0.0,0.0,0.0,0.0,0.0,0.0,0.0,0.0,0.0,0.0,0.0,0.4259254767600821
549,0.0,25.16,25,0,9.23,54,1.48,1.69,1008.71,0,275.5,0.0,0.0,16.09,1,0,0,0,0,0.0,0.0,0.0,0.0,0.0,0.0,0.0,0.0,0.0,0.0,0.0,0.0,0.0,0.0,0.17095099654714507
550,0.0,24.42,24,0,9.22,88,1.62,1.92,1009.06,0,275.1,0.0,0.0,16.09,1,0,0,0,0,0.0,0.0,0.0,0.0,0.0,0.0,0.0,0.0,0.0,0.0,0.0,0.0,0.0,0.0,0.1872757160914045
551,0.0,23.79,24,0,8.84,105,1.8,2.28,1009.37,0,274.3,0.0,0.0,16.09,1,0,0,0,0,0.0,0.0,0.0,0.0,0.0,0.0,0.0,0.0,0.0,0.0,0.0,0.0,0.0,0.0,0.5363001930501933
552,0.0,23.24,23,0,8.51,111,2.03,2.68,1009.79,0,273.9,0.0,0.0,16.09,1,0,0,0,0,0.0,0.0,0.0,0.0,0.0,0.0,0.0,0.0,0.0,0.0,0.0,0.0,0.0,0.0,0.7193255355159462
553,0.0,22.61,23,0,8.69,117,2.31,3.14,1010.0,0,274.1,0.0,0.0,16.09,1,0,0,0,0,0.0,0.0,0.0,0.0,0.0,0.0,0.0,0.0,0.0,0.0,0.0,0.0,0.0,0.0,0.7139507648737445
554,0.0,21.88,22,0,8.95,119,2.56,3.56,1009.84,0,274.6,0.0,0.0,16.09,1,0,0,0,0,0.0,0.0,0.0,0.0,0.0,0.0,0.0,0.0,0.0,0.0,0.0,0.0,0.0,0.0,0.5459503764166217
555,0.0,20.97,21,0,9.29,119,2.67,3.83,1009.79,0,275.1,0.0,0.0,16.09,1,0,0,0,0,0.0,0.0,0.0,0.0,0.0,0.0,0.0,0.0,0.0,0.0,0.0,0.0,0.0,0.0,0.4990501470588235
556,0.0,19.98,20,1,9.78,115,2.64,3.95,1009.71,0,275.7,0.0,0.0,16.09,1,0,0,0,0,0.0,0.0,0.0,0.0,0.0,0.0,0.0,0.0,0.0,0.0,0.0,0.0,0.0,0.0,0.667175
557,0.0,19.97,20,1,10.42,114,2.64,3.94,1009.45,0,276.2,0.0,0.0,16.09,1,0,0,0,0,0.0,0.0,0.0,0.0,0.0,0.0,0.0,0.0,0.0,0.0,0.0,0.0,0.0,0.0,0.3880252155172414
558,0.0,20.73,21,1,11.11,117,2.7,3.96,1009.5,0,276.5,0.0,0.0,16.09,1,0,0,0,0,0.0,0.0,0.0,0.0,0.0,0.0,0.0,0.0,0.0,0.0,0.0,0.0,0.0,0.0,0.14465021551724142
559,0.0,21.16,21,1,11.83,120,2.72,4.08,1010.72,0,276.9,0.0,0.0,16.09,1,0,0,0,0,0.0,0.0,0.0,0.0,0.0,0.0,0.0,0.0,0.0,0.0,0.0,0.0,0.0,0.0,0.17507521551724137
560,0.0,22.4,22,1,12.4,124,2.73,4.08,1011.95,1,277.1,0.0,0.0,16.09,1,0,0,0,0,0.0,0.0,0.0,0.0,0.0,0.0,0.0,0.0,0.0,0.0,0.0,0.0,0.0,0.0,5.158700000000005
561,0.0,24.55,25,0,12.06,128,2.64,3.68,1012.19,2,276.8,0.0,0.0,16.09,1,0,0,0,0,0.0,0.0,0.0,0.0,0.0,0.0,0.0,0.0,0.0,0.0,0.0,0.0,0.0,0.0,7.135175000000004
562,0.0,27.67,28,0,10.59,133,2.47,2.89,1011.77,4,276.2,0.0,0.0,16.09,1,0,0,0,0,0.0,0.0,0.0,0.0,0.0,0.0,0.0,0.0,0.0,0.0,0.0,0.0,0.0,0.0,9.416074999999996
563,0.0,30.51,31,0,8.78,133,2.28,2.31,1011.11,6,275.2,0.0,0.0,16.09,1,0,0,0,0,0.0,0.0,0.0,0.0,0.0,0.0,0.0,0.0,0.0,0.0,0.0,0.0,0.0,0.0,12.346875
564,0.0,32.36,32,0,7.03,111,2.17,2.17,1010.51,7,276.6,0.0,0.0,16.09,1,0,0,0,0,0.0,0.0,0.0,0.0,0.0,0.0,0.0,0.0,0.0,0.0,0.0,0.0,0.0,0.0,12.593374999999995
565,0.0,33.42,33,0,5.42,69,1.99,2.07,1009.55,6,278.1,0.0,0.0,16.09,1,0,0,0,0,0.0,0.0,0.0,0.0,0.0,0.0,0.0,0.0,0.0,0.0,0.0,0.0,0.0,0.0,11.923399999999997
566,0.0,33.56,34,0,4.51,23,1.79,1.99,1008.38,5,277.6,0.0,0.0,16.09,1,0,0,0,0,0.0,0.0,0.0,0.0,0.0,0.0,0.0,0.0,0.0,0.0,0.0,0.0,0.0,0.0,10.259250000000003
567,0.0,33.24,33,0,4.55,3,1.75,1.89,1007.65,3,277.3,0.0,0.0,16.09,1,0,0,0,0,0.0,0.0,0.0,0.0,0.0,0.0,0.0,0.0,0.0,0.0,0.0,0.0,0.0,0.0,6.141000000000003
568,0.0,33.22,33,0,5.4,10,1.89,1.91,1007.34,1,276.7,0.0,0.0,16.09,1,0,0,0,0,0.0,0.0,0.0,0.0,0.0,0.0,0.0,0.0,0.0,0.0,0.0,0.0,0.0,0.0,3.5683000000000016
569,0.0,32.51,33,0,5.98,35,2.25,2.25,1007.71,0,276.0,0.0,0.0,16.09,1,0,0,0,0,0.0,0.0,0.0,0.0,0.0,0.0,0.0,0.0,0.0,0.0,0.0,0.0,0.0,0.0,0.060375000000000026
570,0.0,30.73,31,0,9.47,51,2.43,2.98,1008.7,0,275.9,0.0,0.0,16.09,1,0,0,0,0,0.0,0.0,0.0,0.0,0.0,0.0,0.0,0.0,0.0,0.0,0.0,0.0,0.0,0.0,0.035300666522092405
571,0.0,28.5,29,0,13.14,56,2.49,4.61,1009.77,0,276.9,0.0,0.0,16.09,1,0,0,0,0,0.0,0.0,0.0,0.0,0.0,0.0,0.0,0.0,0.0,0.0,0.0,0.0,0.0,0.0,0.004801219828991554
572,0.0,26.93,27,0,13.21,67,2.67,6.22,1010.46,0,278.0,0.0,0.0,16.09,1,0,0,0,0,0.0,0.0,0.0,0.0,0.0,0.0,0.0,0.0,0.0,0.0,0.0,0.0,0.0,0.0,0.008050618830114693
573,0.0,25.52,26,0,13.53,75,2.66,6.69,1011.05,0,278.1,0.0,0.0,16.09,1,0,0,0,0,0.0,0.0,0.0,0.0,0.0,0.0,0.0,0.0,0.0,0.0,0.0,0.0,0.0,0.0,0.014075809669809349
574,0.0,24.5,25,1,13.88,83,2.47,6.07,1011.35,0,277.4,0.0,0.0,16.09,1,0,0,0,0,0.0,0.0,0.0,0.0,0.0,0.0,0.0,0.0,0.0,0.0,0.0,0.0,0.0,0.0,0.08035060805690612
575,0.0,23.73,24,1,14.22,90,2.27,5.2,1011.44,0,276.6,0.0,0.0,16.09,1,0,0,0,0,0.0,0.0,0.0,0.0,0.0,0.0,0.0,0.0,0.0,0.0,0.0,0.0,0.0,0.0,0.028800486697682825
576,0.0,23.03,23,1,14.14,93,2.11,4.35,1011.43,0,275.8,0.0,0.0,16.09,1,0,0,0,0,0.0,0.0,0.0,0.0,0.0,0.0,0.0,0.0,0.0,0.0,0.0,0.0,0.0,0.0,0.013725486697682823
577,0.0,22.3,22,1,13.98,93,2.08,3.92,1011.01,0,275.6,0.0,0.0,16.09,1,0,0,0,0,0.0,0.0,0.0,0.0,0.0,0.0,0.0,0.0,0.0,0.0,0.0,0.0,0.0,0.0,0.02167577405400466
578,0.0,21.5,22,1,13.91,96,2.17,3.95,1010.51,0,275.9,0.0,0.0,16.09,1,0,0,0,0,0.0,0.0,0.0,0.0,0.0,0.0,0.0,0.0,0.0,0.0,0.0,0.0,0.0,0.0,0.08400077405400466
579,0.0,20.63,21,1,13.8,100,2.2,3.87,1010.6,0,276.2,0.0,0.0,16.09,1,0,0,0,0,0.0,0.0,0.0,0.0,0.0,0.0,0.0,0.0,0.0,0.0,0.0,0.0,0.0,0.0,0.003200502873563219
580,0.0,19.72,20,1,13.7,106,2.18,3.7,1010.74,0,276.5,0.0,0.0,16.09,1,0,0,0,0,0.0,0.0,0.0,0.0,0.0,0.0,0.0,0.0,0.0,0.0,0.0,0.0,0.0,0.0,0.18937521551724137
581,0.0,19.58,20,1,13.65,110,2.16,3.62,1010.9,0,277.1,0.0,0.0,16.09,1,0,0,0,0,0.0,0.0,0.0,0.0,0.0,0.0,0.0,0.0,0.0,0.0,0.0,0.0,0.0,0.0,0.26252521551724134
582,0.0,20.47,20,1,14.23,124,2.48,3.7,1011.33,0,276.3,0.0,0.0,16.09,1,0,0,0,0,0.0,0.0,0.0,0.0,0.0,0.0,0.0,0.0,0.0,0.0,0.0,0.0,0.0,0.0,0.20235
583,0.0,21.24,21,1,14.68,129,2.87,3.96,1011.92,0,276.2,0.0,0.0,16.09,1,0,0,0,0,0.0,0.0,0.0,0.0,0.0,0.0,0.0,0.0,0.0,0.0,0.0,0.0,0.0,0.0,0.29992500000000005
584,0.0,22.39,22,1,14.85,123,3.0,4.19,1012.39,1,277.7,0.0,0.0,16.09,1,0,0,0,0,0.0,0.0,0.0,0.0,0.0,0.0,0.0,0.0,0.0,0.0,0.0,0.0,0.0,0.0,4.851450000000003
585,0.0,24.38,24,1,14.75,123,3.05,3.99,1012.92,2,278.4,0.0,0.0,16.09,1,0,0,0,0,0.0,0.0,0.0,0.0,0.0,0.0,0.0,0.0,0.0,0.0,0.0,0.0,0.0,0.0,6.733049999999996
586,0.0,27.39,27,0,14.65,130,2.99,3.34,1013.06,4,278.6,0.0,0.0,16.09,1,0,0,0,0,0.0,0.0,0.0,0.0,0.0,0.0,0.0,0.0,0.0,0.0,0.0,0.0,0.0,0.0,8.746100000000002
587,0.0,29.85,30,0,14.35,134,2.88,2.88,1012.9,6,278.4,0.01,0.01,16.09,1,0,0,0,0,0.0,0.0,0.0,0.0,0.0,0.0,0.0,0.0,0.0,0.0,0.0,0.0,0.0,0.0,11.739199999999999
588,0.0,31.56,32,0,13.39,118,2.7,2.7,1012.35,7,280.0,0.01,0.01,16.09,1,0,0,0,0,0.0,0.0,0.0,0.0,0.0,0.0,0.0,0.0,0.0,0.0,0.0,0.0,0.0,0.0,11.47364999999999
589,0.0,32.54,33,0,11.54,84,2.46,2.46,1011.42,6,281.8,0.01,0.01,16.09,1,0,0,0,0,0.0,0.0,0.0,0.0,0.0,0.0,0.0,0.0,0.0,0.0,0.0,0.0,0.0,0.0,11.013424999999994
590,0.0,32.6,33,0,9.62,53,2.26,2.26,1010.44,5,281.7,0.0,0.0,16.09,1,0,0,0,0,0.0,0.0,0.0,0.0,0.0,0.0,0.0,0.0,0.0,0.0,0.0,0.0,0.0,0.0,10.933049999999996
591,0.0,32.33,32,0,8.56,36,2.19,2.24,1009.78,3,281.1,0.0,0.0,16.09,1,0,0,0,0,0.0,0.0,0.0,0.0,0.0,0.0,0.0,0.0,0.0,0.0,0.0,0.0,0.0,0.0,6.522649999999998
592,0.0,32.47,32,0,8.24,32,2.21,2.42,1009.32,1,279.8,0.0,0.0,16.09,1,0,0,0,0,0.0,0.0,0.0,0.0,0.0,0.0,0.0,0.0,0.0,0.0,0.0,0.0,0.0,0.0,3.348350000000002
593,0.0,31.8,32,0,8.53,37,2.36,2.99,1009.09,0,279.3,0.0,0.0,16.09,1,0,0,0,0,0.0,0.0,0.0,0.0,0.0,0.0,0.0,0.0,0.0,0.0,0.0,0.0,0.0,0.0,0.010550121359223301
594,0.0,29.98,30,0,11.33,50,2.24,3.6,1009.61,0,279.5,0.0,0.0,16.09,1,0,0,0,0,0.0,0.0,0.0,0.0,0.0,0.0,0.0,0.0,0.0,0.0,0.0,0.0,0.0,0.0,0.08085084958356745
595,0.0,27.62,28,0,13.99,69,2.06,3.99,1010.81,0,279.7,0.0,0.0,16.09,1,0,0,0,0,0.0,0.0,0.0,0.0,0.0,0.0,0.0,0.0,0.0,0.0,0.0,0.0,0.0,0.0,0.03160116055221129
596,0.0,25.77,26,0,14.05,82,2.16,4.35,1011.7,0,280.0,0.0,0.0,16.09,1,0,0,0,0,0.0,0.0,0.0,0.0,0.0,0.0,0.0,0.0,0.0,0.0,0.0,0.0,0.0,0.0,0.02045048669768282
597,0.0,24.32,24,1,14.47,94,2.21,4.65,1012.2,0,279.9,0.0,0.0,16.09,1,0,0,0,0,0.0,0.0,0.0,0.0,0.0,0.0,0.0,0.0,0.0,0.0,0.0,0.0,0.0,0.0,0.17840048669768283
598,0.0,23.44,23,1,15.02,104,2.22,4.93,1012.39,0,279.5,0.0,0.0,16.09,1,0,0,0,0,0.0,0.0,0.0,0.0,0.0,0.0,0.0,0.0,0.0,0.0,0.0,0.0,0.0,0.0,0.5468500000000001
599,0.0,22.8,23,1,15.45,112,2.2,5.09,1012.36,0,278.9,0.0,0.0,16.09,1,0,0,0,0,0.0,0.0,0.0,0.0,0.0,0.0,0.0,0.0,0.0,0.0,0.0,0.0,0.0,0.0,0.31860000000000005
600,0.0,22.22,22,1,15.38,118,2.05,4.45,1012.4,0,277.5,0.0,0.0,16.09,1,0,0,0,0,0.0,0.0,0.0,0.0,0.0,0.0,0.0,0.0,0.0,0.0,0.0,0.0,0.0,0.0,0.522075
601,0.0,21.64,22,1,15.31,120,1.78,3.53,1012.41,0,276.1,0.0,0.0,16.09,1,0,0,0,0,0.0,0.0,0.0,0.0,0.0,0.0,0.0,0.0,0.0,0.0,0.0,0.0,0.0,0.0,0.4241000000000001
602,0.0,20.96,21,1,15.18,119,1.54,3.08,1012.48,0,275.7,0.0,0.0,16.09,1,0,0,0,0,0.0,0.0,0.0,0.0,0.0,0.0,0.0,0.0,0.0,0.0,0.0,0.0,0.0,0.0,0.42040000000000005
603,0.0,20.13,20,1,14.82,117,1.43,2.84,1012.47,0,275.0,0.0,0.0,16.09,1,0,0,0,0,0.0,0.0,0.0,0.0,0.0,0.0,0.0,0.0,0.0,0.0,0.0,0.0,0.0,0.0,0.24027500000000004
604,0.0,19.19,19,1,14.33,112,1.45,2.84,1012.53,0,274.2,0.0,0.0,16.09,1,0,0,0,0,0.0,0.0,0.0,0.0,0.0,0.0,0.0,0.0,0.0,0.0,0.0,0.0,0.0,0.0,0.21780000000000002
605,0.0,19.01,19,1,14.0,106,1.45,2.9,1012.8,0,273.6,0.0,0.0,16.09,1,0,0,0,0,0.0,0.0,0.0,0.0,0.0,0.0,0.0,0.0,0.0,0.0,0.0,0.0,0.0,0.0,0.18830000000000002
606,0.0,20.23,20,1,14.42,120,1.98,2.98,1013.27,0,272.8,0.0,0.0,16.09,1,0,0,0,0,0.0,0.0,0.0,0.0,0.0,0.0,0.0,0.0,0.0,0.0,0.0,0.0,0.0,0.0,0.439175
607,0.0,21.28,21,1,14.86,136,2.45,3.0,1014.05,0,272.4,0.0,0.0,16.09,1,0,0,0,0,0.0,0.0,0.0,0.0,0.0,0.0,0.0,0.0,0.0,0.0,0.0,0.0,0.0,0.0,0.5939750000000003
608,0.0,22.22,22,1,14.98,146,2.28,2.9,1014.77,1,272.7,0.0,0.0,16.09,1,0,0,0,0,0.0,0.0,0.0,0.0,0.0,0.0,0.0,0.0,0.0,0.0,0.0,0.0,0.0,0.0,5.920775000000004
609,0.0,24.11,24,1,14.78,147,1.91,2.57,1015.07,2,272.3,0.0,0.0,16.09,1,0,0,0,0,0.0,0.0,0.0,0.0,0.0,0.0,0.0,0.0,0.0,0.0,0.0,0.0,0.0,0.0,6.823749999999999
610,0.0,27.07,27,0,14.69,139,1.24,1.99,1015.02,4,271.1,0.0,0.0,16.09,1,0,0,0,0,0.0,0.0,0.0,0.0,0.0,0.0,0.0,0.0,0.0,0.0,0.0,0.0,0.0,0.0,8.304300000000001
611,0.0,29.28,29,0,14.26,124,0.69,1.45,1014.85,6,271.9,0.0,0.0,16.09,1,0,0,0,0,0.0,0.0,0.0,0.0,0.0,0.0,0.0,0.0,0.0,0.0,0.0,0.0,0.0,0.0,10.128900000000002
612,0.0,30.99,31,0,13.24,97,0.79,1.49,1014.4,7,273.0,0.0,0.0,16.09,1,0,0,0,0,0.0,0.0,0.0,0.0,0.0,0.0,0.0,0.0,0.0,0.0,0.0,0.0,0.0,0.0,11.232174999999994
613,0.0,31.98,32,0,11.83,61,1.55,2.2,1013.16,6,272.4,0.0,0.0,16.09,1,0,0,0,0,0.0,0.0,0.0,0.0,0.0,0.0,0.0,0.0,0.0,0.0,0.0,0.0,0.0,0.0,11.025224999999999
614,0.0,32.04,32,0,10.5,30,2.38,2.97,1012.04,5,271.9,0.0,0.0,16.09,1,0,0,0,0,0.0,0.0,0.0,0.0,0.0,0.0,0.0,0.0,0.0,0.0,0.0,0.0,0.0,0.0,9.239850000000002
615,0.0,31.79,32,0,9.8,16,2.75,3.28,1011.35,3,271.6,0.0,0.0,16.09,1,0,0,0,0,0.0,0.0,0.0,0.0,0.0,0.0,0.0,0.0,0.0,0.0,0.0,0.0,0.0,0.0,5.515625000000001
616,0.0,31.95,32,0,9.66,19,2.72,3.17,1010.78,1,271.6,0.0,0.0,16.09,1,0,0,0,0,0.0,0.0,0.0,0.0,0.0,0.0,0.0,0.0,0.0,0.0,0.0,0.0,0.0,0.0,2.7541250000000006
617,0.0,31.18,31,0,10.32,29,2.46,2.7,1010.99,0,271.1,0.0,0.0,16.09,1,0,0,0,0,0.0,0.0,0.0,0.0,0.0,0.0,0.0,0.0,0.0,0.0,0.0,0.0,0.0,0.0,0.054925473471899355
618,0.0,29.68,30,0,10.98,34,2.21,2.53,1011.43,0,270.8,0.0,0.0,16.09,1,0,0,0,0,0.0,0.0,0.0,0.0,0.0,0.0,0.0,0.0,0.0,0.0,0.0,0.0,0.0,0.0,0.32457663008943094
619,0.0,27.76,28,0,11.29,35,2.06,3.06,1011.87,0,271.3,0.0,0.0,16.09,1,0,0,0,0,0.0,0.0,0.0,0.0,0.0,0.0,0.0,0.0,0.0,0.0,0.0,0.0,0.0,0.0,0.03895277086208093
620,0.0,25.7,26,0,12.62,40,1.97,3.58,1012.8,0,271.6,0.0,0.0,16.09,1,0,0,0,0,0.0,0.0,0.0,0.0,0.0,0.0,0.0,0.0,0.0,0.0,0.0,0.0,0.0,0.0,0.09260252562885452
621,0.0,24.12,24,1,13.78,47,1.89,3.79,1013.52,0,271.7,0.0,0.0,16.09,1,0,0,0,0,0.0,0.0,0.0,0.0,0.0,0.0,0.0,0.0,0.0,0.0,0.0,0.0,0.0,0.0,0.22927697666578475
622,0.0,23.33,23,1,13.75,52,1.73,3.7,1013.75,0,271.3,0.0,0.0,16.09,1,0,0,0,0,0.0,0.0,0.0,0.0,0.0,0.0,0.0,0.0,0.0,0.0,0.0,0.0,0.0,0.0,0.14320197666578477
623,0.0,22.71,23,1,13.93,57,1.58,3.51,1013.9,0,270.8,0.0,0.0,16.09,1,0,0,0,0,0.0,0.0,0.0,0.0,0.0,0.0,0.0,0.0,0.0,0.0,0.0,0.0,0.0,0.0,0.1970265595356401
624,0.0,22.01,22,1,14.02,64,1.26,2.79,1014.04,0,269.6,0.0,0.0,16.09,1,0,0,0,0,0.0,0.0,0.0,0.0,0.0,0.0,0.0,0.0,0.0,0.0,0.0,0.0,0.0,0.0,0.4975500000000001
625,0.0,21.23,21,1,14.08,70,0.94,2.04,1013.38,0,268.3,0.0,0.0,16.09,1,0,0,0,0,0.0,0.0,0.0,0.0,0.0,0.0,0.0,0.0,0.0,0.0,0.0,0.0,0.0,0.0,0.31827535714285715
626,0.0,20.35,20,1,14.04,77,0.8,1.77,1012.71,0,268.0,0.0,0.0,16.09,1,0,0,0,0,0.0,0.0,0.0,0.0,0.0,0.0,0.0,0.0,0.0,0.0,0.0,0.0,0.0,0.0,0.41545035714285733
627,0.0,19.37,19,1,13.81,103,0.72,1.48,1012.64,0,267.9,0.0,0.0,16.09,1,0,0,0,0,0.0,0.0,0.0,0.0,0.0,0.0,0.0,0.0,0.0,0.0,0.0,0.0,0.0,0.0,0.4661000000000001
628,0.0,18.49,18,1,13.53,146,0.68,1.19,1012.64,0,267.8,0.0,0.0,16.09,1,0,0,0,0,0.0,0.0,0.0,0.0,0.0,0.0,0.0,0.0,0.0,0.0,0.0,0.0,0.0,0.0,0.3910500000000002
629,0.0,18.4,18,1,13.42,185,0.71,1.06,1012.68,0,267.7,0.0,0.0,16.09,1,0,0,0,0,0.0,0.0,0.0,0.0,0.0,0.0,0.0,0.0,0.0,0.0,0.0,0.0,0.0,0.0,0.2797
630,0.0,19.0,19,1,13.36,277,0.91,1.05,1013.54,0,267.4,0.0,0.0,16.09,1,0,0,0,0,0.0,0.0,0.0,0.0,0.0,0.0,0.0,0.0,0.0,0.0,0.0,0.0,0.0,0.0,0.341525
631,0.0,19.5,20,1,13.43,283,1.05,1.05,1014.61,0,267.1,0.0,0.0,16.09,1,0,0,0,0,0.0,0.0,0.0,0.0,0.0,0.0,0.0,0.0,0.0,0.0,0.0,0.0,0.0,0.0,0.43019999999999997
632,0.0,20.73,21,1,13.73,246,1.1,1.17,1015.05,1,266.9,0.0,0.0,16.09,1,0,0,0,0,0.0,0.0,0.0,0.0,0.0,0.0,0.0,0.0,0.0,0.0,0.0,0.0,0.0,0.0,4.666375
633,0.0,22.99,23,1,13.59,195,1.43,1.56,1015.18,2,266.7,0.0,0.0,16.09,1,0,0,0,0,0.0,0.0,0.0,0.0,0.0,0.0,0.0,0.0,0.0,0.0,0.0,0.0,0.0,0.0,7.289799999999998
634,0.0,26.26,26,0,13.2,76,2.04,2.13,1015.08,4,266.3,0.0,0.0,16.09,1,0,0,0,0,0.0,0.0,0.0,0.0,0.0,0.0,0.0,0.0,0.0,0.0,0.0,0.0,0.0,0.0,8.721450000000003
635,0.0,29.19,29,0,12.21,339,2.64,2.82,1014.86,6,266.7,0.0,0.0,16.09,1,0,0,0,0,0.0,0.0,0.0,0.0,0.0,0.0,0.0,0.0,0.0,0.0,0.0,0.0,0.0,0.0,9.816525
636,0.0,31.09,31,0,10.78,289,3.08,3.34,1014.17,7,267.3,0.0,0.0,16.09,1,0,0,0,0,0.0,0.0,0.0,0.0,0.0,0.0,0.0,0.0,0.0,0.0,0.0,0.0,0.0,0.0,8.912099999999999
637,0.0,32.24,32,0,9.15,297,3.4,3.62,1012.9,6,267.1,0.0,0.0,16.09,1,0,0,0,0,0.0,0.0,0.0,0.0,0.0,0.0,0.0,0.0,0.0,0.0,0.0,0.0,0.0,0.0,10.676049999999998
638,0.0,32.4,32,0,7.83,323,3.57,3.76,1011.51,5,266.9,0.0,0.0,16.09,1,0,0,0,0,0.0,0.0,0.0,0.0,0.0,0.0,0.0,0.0,0.0,0.0,0.0,0.0,0.0,0.0,9.453550000000003
639,0.0,32.06,32,0,7.23,337,3.44,3.7,1010.58,3,266.5,0.0,0.0,16.09,1,0,0,0,0,0.0,0.0,0.0,0.0,0.0,0.0,0.0,0.0,0.0,0.0,0.0,0.0,0.0,0.0,5.484850000000002
640,0.0,32.01,32,0,7.26,343,3.01,3.43,1010.33,1,266.1,0.0,0.0,16.09,1,0,0,0,0,0.0,0.0,0.0,0.0,0.0,0.0,0.0,0.0,0.0,0.0,0.0,0.0,0.0,0.0,2.0739000000000014
641,0.0,31.08,31,0,7.67,348,2.5,3.14,1010.47,0,265.4,0.0,0.0,16.09,1,0,0,0,0,0.0,0.0,0.0,0.0,0.0,0.0,0.0,0.0,0.0,0.0,0.0,0.0,0.0,0.0,0.15452587589829161
642,0.0,29.41,29,0,10.03,348,2.11,2.96,1011.02,0,264.9,0.0,0.0,16.09,1,0,0,0,0,0.0,0.0,0.0,0.0,0.0,0.0,0.0,0.0,0.0,0.0,0.0,0.0,0.0,0.0,1.6398258284290383
643,0.0,27.23,27,0,12.2,345,1.74,2.85,1011.7,0,264.9,0.0,0.0,16.09,1,0,0,0,0,0.0,0.0,0.0,0.0,0.0,0.0,0.0,0.0,0.0,0.0,0.0,0.0,0.0,0.0,0.5484262939462798
644,0.0,25.23,25,0,12.06,353,1.39,2.73,1012.28,0,264.9,0.0,0.0,16.09,1,0,0,0,0,0.0,0.0,0.0,0.0,0.0,0.0,0.0,0.0,0.0,0.0,0.0,0.0,0.0,0.0,0.47307532894736837
645,0.0,23.75,24,0,12.19,29,1.15,2.55,1012.67,0,264.6,0.0,0.0,16.09,1,0,0,0,0,0.0,0.0,0.0,0.0,0.0,0.0,0.0,0.0,0.0,0.0,0.0,0.0,0.0,0.0,0.4831755539932508
646,0.0,22.86,23,1,12.5,92,1.03,2.33,1012.79,0,264.3,0.0,0.0,16.09,1,0,0,0,0,0.0,0.0,0.0,0.0,0.0,0.0,0.0,0.0,0.0,0.0,0.0,0.0,0.0,0.0,0.5946000000000001
647,0.0,22.21,22,1,12.67,146,0.91,2.01,1012.85,0,262.8,0.0,0.0,16.09,1,0,0,0,0,0.0,0.0,0.0,0.0,0.0,0.0,0.0,0.0,0.0,0.0,0.0,0.0,0.0,0.0,0.6141000000000002
